学校コード,学校種,都道府県番号,設置区分,本分校,学校名,学校所在地,郵便番号,属性情報設定年月日,属性情報廃止年月日,旧学校調査番号,移行後の学校コード
A109110000014,A1(幼稚園),09(栃木),1(国),1(本),宇都宮大学共同教育学部附属幼稚園,栃木県宇都宮市松原１－７－３８,3208538,2020-12-22 00:00:00,,096501,
A109210000012,A1(幼稚園),09(栃木),2(公),1(本),那須烏山市立つくし幼稚園,栃木県那須烏山市東原５０,3210517,2020-12-22 00:00:00,,096524,
A109310000010,A1(幼稚園),09(栃木),3(私),1(本),輪王寺附属日光幼稚園,栃木県日光市山内２３８３,3211431,2020-12-22 00:00:00,,096606,
A109310000029,A1(幼稚園),09(栃木),3(私),1(本),今市幼稚園,栃木県日光市今市７１０,3211261,2020-12-22 00:00:00,,096608,
A109310000038,A1(幼稚園),09(栃木),3(私),1(本),認定こども園愛隣幼稚園,栃木県宇都宮市桜２－３－２７,3200043,2020-12-22 00:00:00,,096609,
A109310000047,A1(幼稚園),09(栃木),3(私),1(本),松ケ峰幼稚園認定こども園,栃木県宇都宮市松が峰１－１－５,3200807,2020-12-22 00:00:00,,096611,
A109310000056,A1(幼稚園),09(栃木),3(私),1(本),きぬ川幼稚園,栃木県日光市鬼怒川温泉滝８５７,3212626,2020-12-22 00:00:00,,096620,
A109310000065,A1(幼稚園),09(栃木),3(私),1(本),マリア幼稚園,栃木県宇都宮市上籠谷町３７７６,3213233,2020-12-22 00:00:00,,096622,
A109310000074,A1(幼稚園),09(栃木),3(私),1(本),鹿沼幼稚園,栃木県鹿沼市東末広町１９３４,3220039,2020-12-22 00:00:00,,096623,
A109310000083,A1(幼稚園),09(栃木),3(私),1(本),作新学院幼稚園,栃木県宇都宮市一の沢１－１－４１,3208525,2020-12-22 00:00:00,,096624,
A109310000109,A1(幼稚園),09(栃木),3(私),1(本),認定こども園呑竜幼稚園,栃木県佐野市大祝町２３１２,3270016,2020-12-22 00:00:00,,096632,
A109310000118,A1(幼稚園),09(栃木),3(私),1(本),足利みどり幼稚園,栃木県足利市東砂原後町１０８４,3260064,2020-12-22 00:00:00,,096633,
A109310000127,A1(幼稚園),09(栃木),3(私),1(本),葛生幼稚園,栃木県佐野市葛生西２－７－１,3270507,2020-12-22 00:00:00,,096634,
A109310000136,A1(幼稚園),09(栃木),3(私),1(本),聖母幼稚園,栃木県鹿沼市戸張町２４８８－１,3220063,2020-12-22 00:00:00,,096635,
A109310000145,A1(幼稚園),09(栃木),3(私),1(本),石橋幼稚園,栃木県下野市石橋５３５番地,3290511,2020-12-22 00:00:00,,096641,
A109310000154,A1(幼稚園),09(栃木),3(私),1(本),那須幼稚園,栃木県那須郡那須町大字寺子乙２５９９－３,3293215,2020-12-22 00:00:00,,096642,
A109310000163,A1(幼稚園),09(栃木),3(私),1(本),足利くるみ幼稚園,栃木県足利市伊勢南町９－１,3260054,2020-12-22 00:00:00,,096652,
A109310000172,A1(幼稚園),09(栃木),3(私),1(本),石川幼稚園,栃木県宇都宮市越戸町１０７番地,3210951,2020-12-22 00:00:00,,096655,
A109310000181,A1(幼稚園),09(栃木),3(私),1(本),認定こども園愛育幼稚園,栃木県佐野市堀米町２７５,3270843,2020-12-22 00:00:00,,096658,
A109310000190,A1(幼稚園),09(栃木),3(私),1(本),たちばな幼稚園,栃木県下都賀郡壬生町上田１００２－３,3210231,2020-12-22 00:00:00,,096661,
A109310000207,A1(幼稚園),09(栃木),3(私),1(本),めぐみ幼稚園,栃木県宇都宮市桜５－５－１７,3200043,2020-12-22 00:00:00,,096663,
A109310000216,A1(幼稚園),09(栃木),3(私),1(本),認定こども園西那須野幼稚園,栃木県那須塩原市西大和６番１５号,3292754,2020-12-22 00:00:00,,096664,
A109310000234,A1(幼稚園),09(栃木),3(私),1(本),聖家幼稚園,栃木県大田原市中央１丁目５番１０号,3240056,2020-12-22 00:00:00,,096674,
A109310000243,A1(幼稚園),09(栃木),3(私),1(本),認定こども園ひかり幼稚園,栃木県大田原市山の手２－１１－１３,3240051,2020-12-22 00:00:00,,096676,
A109310000252,A1(幼稚園),09(栃木),3(私),1(本),恵光幼稚園,栃木県宇都宮市下栗町２２５４,3210923,2020-12-22 00:00:00,,096677,
A109310000261,A1(幼稚園),09(栃木),3(私),1(本),真岡杉の子幼稚園,栃木県真岡市並木町３－６－１６,3214361,2020-12-22 00:00:00,,096678,
A109310000270,A1(幼稚園),09(栃木),3(私),1(本),國學院大學栃木二杉幼稚園,栃木県栃木市片柳町５－１１－３７,3280053,2020-12-22 00:00:00,,096684,
A109310000289,A1(幼稚園),09(栃木),3(私),1(本),認定こども園ひらかわ幼稚園,栃木県栃木市大宮町２３７８－７,3280011,2020-12-22 00:00:00,,096685,
A109310000298,A1(幼稚園),09(栃木),3(私),1(本),足利短期大学附属幼稚園,栃木県足利市福居町６９８,3260338,2020-12-22 00:00:00,,096687,
A109310000305,A1(幼稚園),09(栃木),3(私),1(本),御幸幼稚園,栃木県宇都宮市御幸町１３４番地,3210984,2020-12-22 00:00:00,,096690,
A109310000314,A1(幼稚園),09(栃木),3(私),1(本),旗川幼稚園,栃木県佐野市並木町１１８５,3270002,2020-12-22 00:00:00,,096692,
A109310000323,A1(幼稚園),09(栃木),3(私),1(本),ゆたか幼稚園,栃木県宇都宮市上大塚町１４４,3291106,2020-12-22 00:00:00,,096699,
A109310000332,A1(幼稚園),09(栃木),3(私),1(本),認定こども園しらさぎ幼稚園,栃木県河内郡上三川町上三川５０９５,3290611,2020-12-22 00:00:00,,096702,
A109310000341,A1(幼稚園),09(栃木),3(私),1(本),吹上幼稚園,栃木県栃木市吹上町１３７６,3280125,2020-12-22 00:00:00,,096711,
A109310000350,A1(幼稚園),09(栃木),3(私),1(本),いずみ幼稚園,栃木県鹿沼市泉町２４６０,3220062,2020-12-22 00:00:00,,096713,
A109310000378,A1(幼稚園),09(栃木),3(私),1(本),認定こども園まこと幼稚園,栃木県宇都宮市砥上町３３０－７１,3200856,2020-12-22 00:00:00,,096720,
A109310000396,A1(幼稚園),09(栃木),3(私),1(本),平出幼稚園,栃木県宇都宮市平出町２６７－１,3210901,2020-12-22 00:00:00,,096729,
A109310000403,A1(幼稚園),09(栃木),3(私),1(本),聖光幼稚園,栃木県栃木市鍋山町６１０－１,3280205,2020-12-22 00:00:00,,096730,
A109310000412,A1(幼稚園),09(栃木),3(私),1(本),中鶴田幼稚園,栃木県宇都宮市鶴田町１３１３,3200851,2020-12-22 00:00:00,,096735,
A109310000421,A1(幼稚園),09(栃木),3(私),1(本),認定こども園おおひらふじ幼稚園,栃木県栃木市大平町富田４０１２－８,3294404,2020-12-22 00:00:00,,096736,
A109310000430,A1(幼稚園),09(栃木),3(私),1(本),山辺幼稚園,栃木県足利市堀込町１４１０番地１,3260831,2020-12-22 00:00:00,,096738,
A109310000458,A1(幼稚園),09(栃木),3(私),1(本),親和幼稚園,栃木県塩谷郡高根沢町大字平田１８９８－２,3291206,2020-12-22 00:00:00,,096744,
A109310000467,A1(幼稚園),09(栃木),3(私),1(本),佐野みのり幼稚園,栃木県佐野市植上町１６７２－２,3270832,2020-12-22 00:00:00,,096748,
A109310000476,A1(幼稚園),09(栃木),3(私),1(本),真岡さくら幼稚園,栃木県真岡市田町１０５４－１,3214325,2020-12-22 00:00:00,,096749,
A109310000485,A1(幼稚園),09(栃木),3(私),1(本),法得幼稚園,栃木県下都賀郡野木町佐川野４６８－１,3290104,2020-12-22 00:00:00,,096750,
A109310000494,A1(幼稚園),09(栃木),3(私),1(本),野崎幼稚園認定こども園,栃木県大田原市薄葉２２２８,3240035,2020-12-22 00:00:00,,096752,
A109310000500,A1(幼稚園),09(栃木),3(私),1(本),あおば幼稚園,栃木県宇都宮市新里町丁１６０５－３,3212118,2020-12-22 00:00:00,,096755,
A109310000519,A1(幼稚園),09(栃木),3(私),1(本),おもちゃのまち幼稚園,栃木県下都賀郡壬生町大字安塚７５３－２,3210201,2020-12-22 00:00:00,,096756,
A109310000528,A1(幼稚園),09(栃木),3(私),1(本),あおぞら幼稚園,栃木県小山市大字福良１８８７,3230155,2020-12-22 00:00:00,,096757,
A109310000537,A1(幼稚園),09(栃木),3(私),1(本),岡本幼稚園,栃木県宇都宮市中岡本町３０１２－２,3291105,2020-12-22 00:00:00,,096760,
A109310000546,A1(幼稚園),09(栃木),3(私),1(本),太陽幼稚園,栃木県宇都宮市清原台６－１１－５,3213223,2020-12-22 00:00:00,,096761,
A109310000564,A1(幼稚園),09(栃木),3(私),1(本),那須みふじ幼稚園,栃木県那須郡那須町大字高久甲６３９４－１,3250001,2020-12-22 00:00:00,,096767,
A109310000582,A1(幼稚園),09(栃木),3(私),1(本),陽の丘幼稚園,栃木県宇都宮市竹林町６６４番地,3210974,2020-12-22 00:00:00,,096770,
A109310000591,A1(幼稚園),09(栃木),3(私),1(本),すぎのこ三島幼稚園,栃木県那須塩原市東三島２－８７,3292751,2020-12-22 00:00:00,,096771,
A109310000608,A1(幼稚園),09(栃木),3(私),1(本),能満寺幼稚園,栃木県宇都宮市駒生町１８７２－２,3200065,2020-12-22 00:00:00,,096773,
A109310000626,A1(幼稚園),09(栃木),3(私),1(本),白鴎大学はくおう幼稚園,栃木県小山市大行寺１１９５,3230041,2020-12-22 00:00:00,,096776,
A109310000635,A1(幼稚園),09(栃木),3(私),1(本),菅野第二幼稚園,栃木県真岡市田町１５０５,3214325,2020-12-22 00:00:00,,096784,
A109310000644,A1(幼稚園),09(栃木),3(私),1(本),仁神堂幼稚園,栃木県鹿沼市仁神堂町３７番地８１,3220003,2020-12-22 00:00:00,,096786,
A109310000653,A1(幼稚園),09(栃木),3(私),1(本),晃望台幼稚園,栃木県鹿沼市貝島町５６６－８,3220027,2020-12-22 00:00:00,,096787,
A109310000662,A1(幼稚園),09(栃木),3(私),1(本),高ノ台第二幼稚園,栃木県真岡市西郷２０６,3214307,2020-12-22 00:00:00,,096790,
A109310000671,A1(幼稚園),09(栃木),3(私),1(本),やしお幼稚園,栃木県河内郡上三川町大字上蒲生２１１１－１,3290617,2020-12-22 00:00:00,,096793,
A109310000680,A1(幼稚園),09(栃木),3(私),1(本),柿乃木幼稚園,栃木県宇都宮市宝木町２丁目５９３番地,3200061,2020-12-22 00:00:00,,096796,
A109310000699,A1(幼稚園),09(栃木),3(私),1(本),なでしこ幼稚園,栃木県大田原市小滝１１７９の２,3240003,2020-12-22 00:00:00,,096798,
A109310000706,A1(幼稚園),09(栃木),3(私),1(本),第二ひかり幼稚園,栃木県那須塩原市緑１丁目８番地,3292713,2020-12-22 00:00:00,,096801,
A109310000715,A1(幼稚園),09(栃木),3(私),1(本),認定こども園陽南第二幼稚園,栃木県宇都宮市江曽島町１１６３番地５,3210102,2020-12-22 00:00:00,,096803,
A109310000724,A1(幼稚園),09(栃木),3(私),1(本),認定こども園明星館幼稚園,栃木県大田原市八塩２５４－４,3240323,2020-12-22 00:00:00,,096808,
A109310000733,A1(幼稚園),09(栃木),3(私),1(本),みずほ幼稚園,栃木県宇都宮市西刑部町２５６９番地４,3210917,2020-12-22 00:00:00,,096809,
A109310000751,A1(幼稚園),09(栃木),3(私),1(本),足利さくら幼稚園,栃木県足利市島田町１０５－１,3260337,2020-12-22 00:00:00,,096814,
A109310000760,A1(幼稚園),09(栃木),3(私),1(本),萌丘東幼稚園,栃木県真岡市東郷３９５－１,3214304,2020-12-22 00:00:00,,096819,
A109310000779,A1(幼稚園),09(栃木),3(私),1(本),高根沢第二幼稚園,栃木県塩谷郡高根沢町光陽台４丁目１１－５,3291232,2020-12-22 00:00:00,,096822,
A109310000788,A1(幼稚園),09(栃木),3(私),1(本),上河内幼稚園,栃木県宇都宮市中里町５７２－３,3210414,2020-12-22 00:00:00,,096823,
A109310000797,A1(幼稚園),09(栃木),3(私),1(本),清原ミドリ幼稚園,栃木県宇都宮市氷室町１０６７－１３,3213232,2020-12-22 00:00:00,,096827,
A109310000804,A1(幼稚園),09(栃木),3(私),1(本),さつき幼稚園,栃木県宇都宮市針ヶ谷町岡田山２９７－３,3210147,2020-12-22 00:00:00,,096828,
A109310000813,A1(幼稚園),09(栃木),3(私),1(本),つぼみキンダーガーテン,栃木県小山市宮本町２－１４－１８,3230024,2021-05-27 00:00:00,,096829,
A209210000011,A2(こども),09(栃木),2(公),1(本),栃木市認定西方なかよしこども園,栃木県栃木市西方町本郷５１６－２,3220603,2020-12-22 00:00:00,,09A021,
A209210000020,A2(こども),09(栃木),2(公),1(本),那珂川町立わかあゆ認定こども園,栃木県那須郡那珂川町小川８６９番地,3240501,2020-12-22 00:00:00,,09A022,
A209210000048,A2(こども),09(栃木),2(公),1(本),那珂川町立ひばり認定こども園,栃木県那須郡那珂川町和見８２番地１,3240612,2020-12-22 00:00:00,,09A024,
A209310000019,A2(こども),09(栃木),3(私),1(本),幼保連携型　認定ひばりこども園,栃木県芳賀郡芳賀町芳志戸１０２４,3213305,2020-12-22 00:00:00,,09A100,
A209310000028,A2(こども),09(栃木),3(私),1(本),さくら認定こども園,栃木県宇都宮市戸祭台４４,3200017,2020-12-22 00:00:00,,09A101,
A209310000037,A2(こども),09(栃木),3(私),1(本),認定みどりこども園,栃木県宇都宮市西原町３３３５－２,3200826,2020-12-22 00:00:00,,09A102,
A209310000046,A2(こども),09(栃木),3(私),1(本),みふみ認定こども園,栃木県宇都宮市富士見が丘４－２５－１３,3200011,2020-12-22 00:00:00,,09A103,
A209310000055,A2(こども),09(栃木),3(私),1(本),認定こども園さくらが丘,栃木県宇都宮市陽東１－１４－１,3210904,2020-12-22 00:00:00,,09A104,
A209310000064,A2(こども),09(栃木),3(私),1(本),山王認定こども園,栃木県宇都宮市徳次郎町５０８－３,3212116,2020-12-22 00:00:00,,09A105,
A209310000073,A2(こども),09(栃木),3(私),1(本),認定しらゆりこども園,栃木県宇都宮市若草４－１３－１２,3200072,2020-12-22 00:00:00,,09A106,
A209310000082,A2(こども),09(栃木),3(私),1(本),さかえ認定こども園,栃木県宇都宮市兵庫塚３－８－１３,3210138,2020-12-22 00:00:00,,09A107,
A209310000091,A2(こども),09(栃木),3(私),1(本),認定すずめこども園,栃木県宇都宮市五代３－１－９,3210135,2020-12-22 00:00:00,,09A108,
A209310000108,A2(こども),09(栃木),3(私),1(本),認定こども園駒生幼稚園,栃木県宇都宮市駒生町３３６０－３６,3200065,2020-12-22 00:00:00,,09A109,
A209310000117,A2(こども),09(栃木),3(私),1(本),八幡台認定こども園,栃木県宇都宮市八幡台１４－２１,3200015,2020-12-22 00:00:00,,09A110,
A209310000126,A2(こども),09(栃木),3(私),1(本),風と緑の認定こども園,栃木県宇都宮市下栗町６３１－２,3210923,2020-12-22 00:00:00,,09A111,
A209310000135,A2(こども),09(栃木),3(私),1(本),認定こども園友愛幼稚園,栃木県足利市通５－３４３７,3260814,2020-12-22 00:00:00,,09A112,
A209310000144,A2(こども),09(栃木),3(私),1(本),認定こども園東光寺幼稚園,栃木県足利市葉鹿町２２４,3260143,2020-12-22 00:00:00,,09A113,
A209310000153,A2(こども),09(栃木),3(私),1(本),幼保連携型認定こども園足利しらゆり幼稚園,栃木県足利市田中町９４３－１１,3260822,2020-12-22 00:00:00,,09A114,
A209310000162,A2(こども),09(栃木),3(私),1(本),認定こども園しずわでら幼稚園,栃木県栃木市岩舟町静和１１５１－４,3294304,2020-12-22 00:00:00,,09A115,
A209310000171,A2(こども),09(栃木),3(私),1(本),幼保連携型認定こども園バンビ幼稚園,栃木県栃木市藤岡町大前３５８－１,3231101,2020-12-22 00:00:00,,09A116,
A209310000180,A2(こども),09(栃木),3(私),1(本),認定こども園ふじおか幼稚園,栃木県栃木市藤岡町藤岡６４６６－７,3231104,2020-12-22 00:00:00,,09A117,
A209310000199,A2(こども),09(栃木),3(私),1(本),認定こども園育成館幼稚園,栃木県佐野市大町２９８９,3270017,2020-12-22 00:00:00,,09A118,
A209310000206,A2(こども),09(栃木),3(私),1(本),認定こども園あかみ幼稚園,栃木県佐野市赤見町２０４１,3270104,2020-12-22 00:00:00,,09A119,
A209310000215,A2(こども),09(栃木),3(私),1(本),認定こども園こばと,栃木県佐野市田沼町３８－３,3270317,2020-12-22 00:00:00,,09A120,
A209310000224,A2(こども),09(栃木),3(私),1(本),洗心幼稚園　認定こども園,栃木県佐野市久保町３８－１,3270845,2020-12-22 00:00:00,,09A121,
A209310000233,A2(こども),09(栃木),3(私),1(本),認定とまとこども園,栃木県小山市下泉４８８－３,3230055,2020-12-22 00:00:00,,09A122,
A209310000242,A2(こども),09(栃木),3(私),1(本),認定こども園せんだん幼稚園,栃木県真岡市久下田７９４,3214521,2020-12-22 00:00:00,,09A123,
A209310000251,A2(こども),09(栃木),3(私),1(本),にのみや認定こども園,栃木県真岡市久下田１７５１,3214521,2020-12-22 00:00:00,,09A125,
A209310000260,A2(こども),09(栃木),3(私),1(本),認定こども園牧が丘幼稚園,栃木県真岡市西高間木５１５,3214336,2020-12-22 00:00:00,,09A126,
A209310000279,A2(こども),09(栃木),3(私),1(本),認定こども園真岡ふたば幼稚園・いちごの杜保育園,栃木県真岡市東大島１０８１,3214322,2020-12-22 00:00:00,,09A127,
A209310000288,A2(こども),09(栃木),3(私),1(本),認定こども園黒羽幼稚園,栃木県大田原市蜂巣１０－２７,3240244,2020-12-22 00:00:00,,09A128,
A209310000297,A2(こども),09(栃木),3(私),1(本),すぎのこ幼稚園　認定こども園,栃木県那須塩原市扇町３－３０,3292726,2020-12-22 00:00:00,,09A129,
A209310000304,A2(こども),09(栃木),3(私),1(本),虹ヶ丘認定こども園,栃木県那須塩原市黒磯６－３８,3250017,2020-12-22 00:00:00,,09A130,
A209310000313,A2(こども),09(栃木),3(私),1(本),認定あけぼのこども園,栃木県那須塩原市上厚崎５２３－３,3250026,2020-12-22 00:00:00,,09A131,
A209310000322,A2(こども),09(栃木),3(私),1(本),認定こども園マロニエ幼稚園,栃木県那須塩原市埼玉８－４７８,3250033,2020-12-22 00:00:00,,09A132,
A209310000331,A2(こども),09(栃木),3(私),1(本),黒磯いずみ幼稚園　認定こども園,栃木県那須塩原市島方４５１－３３,3293152,2020-12-22 00:00:00,,09A133,
A209310000340,A2(こども),09(栃木),3(私),1(本),認定こども園きつれ川幼稚園,栃木県さくら市下河戸１９３４－２,3291402,2020-12-22 00:00:00,,09A134,
A209310000359,A2(こども),09(栃木),3(私),1(本),認定こども園烏山みどり幼稚園,栃木県那須烏山市金井１－５－１６,3210628,2020-12-22 00:00:00,,09A135,
A209310000368,A2(こども),09(栃木),3(私),1(本),認定こども園　第二愛泉幼稚園,栃木県下野市柴１４０３－１２,3290412,2020-12-22 00:00:00,,09A136,
A209310000377,A2(こども),09(栃木),3(私),1(本),認定こども園むつみこども園,栃木県下野市柴７６９－１７,3290412,2020-12-22 00:00:00,,09A137,
A209310000386,A2(こども),09(栃木),3(私),1(本),認定こども園七井幼稚園,栃木県芳賀郡益子町大沢１４５６－２,3214104,2020-12-22 00:00:00,,09A138,
A209310000395,A2(こども),09(栃木),3(私),1(本),認定こども園茂木愛泉幼稚園,栃木県芳賀郡茂木町坂井６５３－１,3213544,2020-12-22 00:00:00,,09A139,
A209310000402,A2(こども),09(栃木),3(私),1(本),幼保連携型認定こども園野木幼稚園,栃木県下都賀郡野木町友沼５８８３－２,3290101,2020-12-22 00:00:00,,09A140,
A209310000411,A2(こども),09(栃木),3(私),1(本),認定こども園たから幼稚園,栃木県芳賀郡益子町益子２９３６－１,3214217,2020-12-22 00:00:00,,09A141,
A209310000420,A2(こども),09(栃木),3(私),1(本),認定こども園市貝たいよう幼稚園,栃木県芳賀郡市貝町市塙１０９６,3213423,2020-12-22 00:00:00,,09A142,
A209310000439,A2(こども),09(栃木),3(私),1(本),認定こども園平出むつみ幼稚園,栃木県宇都宮市平出町２２－１,3210901,2020-12-22 00:00:00,,09A143,
A209310000448,A2(こども),09(栃木),3(私),1(本),認定こども園足利幼稚園,栃木県足利市家富町２１８８,3260803,2020-12-22 00:00:00,,09A144,
A209310000457,A2(こども),09(栃木),3(私),1(本),認定こども園アルス幼稚園,栃木県栃木市柳町１－２０－１,3280053,2020-12-22 00:00:00,,09A145,
A209310000466,A2(こども),09(栃木),3(私),1(本),認定こども園おおみや幼児教育センター,栃木県栃木市大宮町１６４７－３,3280011,2020-12-22 00:00:00,,09A146,
A209310000475,A2(こども),09(栃木),3(私),1(本),認定こども園大平みなみ幼稚園,栃木県栃木市大平町西水代１７４２－１,3294423,2020-12-22 00:00:00,,09A147,
A209310000484,A2(こども),09(栃木),3(私),1(本),認定こども園いわふね幼稚園,栃木県栃木市岩舟町静６２２,3294307,2020-12-22 00:00:00,,09A148,
A209310000493,A2(こども),09(栃木),3(私),1(本),認定こども園さくら,栃木県栃木市泉川町６５１－１,3280062,2020-12-22 00:00:00,,09A149,
A209310000509,A2(こども),09(栃木),3(私),1(本),認定間々田こども園,栃木県小山市乙女３－１－６,3290214,2020-12-22 00:00:00,,09A150,
A209310000518,A2(こども),09(栃木),3(私),1(本),認定こども園小山幼稚園,栃木県小山市東城南５－２３－７,3230829,2020-12-22 00:00:00,,09A151,
A209310000536,A2(こども),09(栃木),3(私),1(本),認定こども園のぶしま幼稚園,栃木県小山市大字延島９６,3230152,2020-12-22 00:00:00,,09A153,
A209310000545,A2(こども),09(栃木),3(私),1(本),認定おおやこども園,栃木県小山市大字東野田２１３０－１,3230817,2020-12-22 00:00:00,,09A154,
A209310000554,A2(こども),09(栃木),3(私),1(本),認定こども園生井ゆりかご幼稚園,栃木県小山市上生井６７９－３,3290222,2020-12-22 00:00:00,,09A155,
A209310000563,A2(こども),09(栃木),3(私),1(本),認定こども園高ノ台幼稚園,栃木県真岡市台町２３２３－１,3214306,2020-12-22 00:00:00,,09A156,
A209310000572,A2(こども),09(栃木),3(私),1(本),認定こども園真岡ひかり幼稚園,栃木県真岡市寺内７５,3214345,2020-12-22 00:00:00,,09A157,
A209310000581,A2(こども),09(栃木),3(私),1(本),萌丘幼稚園認定こども園,栃木県真岡市熊倉町４７９５－３,3214362,2020-12-22 00:00:00,,09A158,
A209310000590,A2(こども),09(栃木),3(私),1(本),認定こども園黒磯幼稚園,栃木県那須塩原市住吉町２－８,3250062,2020-12-22 00:00:00,,09A159,
A209310000607,A2(こども),09(栃木),3(私),1(本),認定こども園第二薬師寺幼稚園,栃木県下野市祇園４－６－３,3290434,2020-12-22 00:00:00,,09A160,
A209310000616,A2(こども),09(栃木),3(私),1(本),認定こども園愛泉幼稚園,栃木県下野市小金井４－１２－８,3290414,2020-12-22 00:00:00,,09A161,
A209310000625,A2(こども),09(栃木),3(私),1(本),塩原認定こども園,栃木県那須塩原市塩原６５２－１,3292921,2020-12-22 00:00:00,,09A162,
A209310000634,A2(こども),09(栃木),3(私),1(本),認定こども園あつみ幼稚園,栃木県宇都宮市幕田町７４９番地３,3210157,2020-12-22 00:00:00,,09A163,
A209310000643,A2(こども),09(栃木),3(私),1(本),認定こども園さくらんぼ幼稚園,栃木県宇都宮市松原２丁目７番４２号,3200041,2020-12-22 00:00:00,,09A164,
A209310000652,A2(こども),09(栃木),3(私),1(本),幼保連携型認定こども園足利いずみ幼稚園,栃木県足利市五十部町１５５番地５,3260843,2020-12-22 00:00:00,,09A165,
A209310000661,A2(こども),09(栃木),3(私),1(本),幼保連携型認定こども園花園幼稚園,栃木県足利市大町２番地６,3260056,2020-12-22 00:00:00,,09A166,
A209310000670,A2(こども),09(栃木),3(私),1(本),幼保連携型認定こども園足利こばと幼稚園,栃木県足利市堀込町２９７３番地,3260831,2020-12-22 00:00:00,,09A167,
A209310000689,A2(こども),09(栃木),3(私),1(本),幼保連携型認定こども園旭幼稚園,栃木県足利市大沼田町７４７番地,3260011,2020-12-22 00:00:00,,09A168,
A209310000698,A2(こども),09(栃木),3(私),1(本),認定こども園犬伏幼稚園,栃木県佐野市犬伏下町１７７９番地１,3270804,2020-12-22 00:00:00,,09A169,
A209310000705,A2(こども),09(栃木),3(私),1(本),認定こども園清滝幼稚園,栃木県日光市清滝安良沢町１７２８番地１,3211441,2020-12-22 00:00:00,,09A170,
A209310000714,A2(こども),09(栃木),3(私),1(本),認定こども園梅ヶ原幼稚園,栃木県小山市城東５丁目１１番地２０号,3230807,2020-12-22 00:00:00,,09A171,
A209310000723,A2(こども),09(栃木),3(私),1(本),認定こども園みのり幼稚園,栃木県小山市萩島５６番地,3230046,2020-12-22 00:00:00,,09A172,
A209310000732,A2(こども),09(栃木),3(私),1(本),国際医療福祉大学金丸こども園,栃木県大田原市北金丸１８６３番地１０１,3240011,2020-12-22 00:00:00,,09A173,
A209310000741,A2(こども),09(栃木),3(私),1(本),認定こども園烏山聖マリア幼稚園,栃木県那須烏山市南１丁目９番１９号,3210627,2020-12-22 00:00:00,,09A174,
A209310000750,A2(こども),09(栃木),3(私),1(本),認定こども園のぶ幼稚園,栃木県芳賀郡芳賀町大字下延生４９５番地１,3213312,2020-12-22 00:00:00,,09A175,
A209310000769,A2(こども),09(栃木),3(私),1(本),認定こども園くにや幼稚園,栃木県下都賀郡壬生町国谷６４４番地１,3210211,2020-12-22 00:00:00,,09A176,
A209310000778,A2(こども),09(栃木),3(私),1(本),認定こども園やすづか幼稚園,栃木県下都賀郡壬生町安塚１６４１番地１,3210201,2020-12-22 00:00:00,,09A177,
A209310000787,A2(こども),09(栃木),3(私),1(本),認定こども園栃木幼稚園,栃木県栃木市旭町２２番５号,3280035,2020-12-22 00:00:00,,09A178,
A209310000796,A2(こども),09(栃木),3(私),1(本),認定こども園若葉幼稚園,栃木県栃木市小平町９番３号,3280073,2020-12-22 00:00:00,,09A179,
A209310000803,A2(こども),09(栃木),3(私),1(本),認定こども園都賀幼稚園,栃木県栃木市都賀町家中１８８９番地１,3280111,2020-12-22 00:00:00,,09A180,
A209310000812,A2(こども),09(栃木),3(私),1(本),認定こども園アルス南幼稚園,栃木県栃木市沼和田町３６番４１号,3280042,2020-12-22 00:00:00,,09A181,
A209310000821,A2(こども),09(栃木),3(私),1(本),認定こども園明星幼稚園,栃木県佐野市田沼町１５５７番地３,3270317,2020-12-22 00:00:00,,09A182,
A209310000830,A2(こども),09(栃木),3(私),1(本),認定こども園佐野たちばな幼稚園,栃木県佐野市堀米町５１３番地,3270843,2020-12-22 00:00:00,,09A183,
A209310000849,A2(こども),09(栃木),3(私),1(本),認定こども園鹿沼ひかり幼稚園,栃木県鹿沼市西鹿沼町８４番地,3220073,2020-12-22 00:00:00,,09A184,
A209310000858,A2(こども),09(栃木),3(私),1(本),認定こども園長畑幼稚園,栃木県日光市長畑３０８４番地,3211108,2020-12-22 00:00:00,,09A185,
A209310000867,A2(こども),09(栃木),3(私),1(本),認定こども園今市中央幼稚園,栃木県日光市今市本町８番地１６,3211272,2020-12-22 00:00:00,,09A186,
A209310000876,A2(こども),09(栃木),3(私),1(本),認定こども園早蕨幼稚園,栃木県小山市城山町２丁目４番２１号,3230025,2020-12-22 00:00:00,,09A187,
A209310000885,A2(こども),09(栃木),3(私),1(本),認定こども園乙女幼稚園,栃木県小山市乙女２丁目３０番２２号,3290214,2020-12-22 00:00:00,,09A188,
A209310000894,A2(こども),09(栃木),3(私),1(本),認定こども園かしわ幼稚園,栃木県矢板市扇町２丁目１５１９番地,3292161,2020-12-22 00:00:00,,09A189,
A209310000901,A2(こども),09(栃木),3(私),1(本),国際医療福祉大学西那須野キッズハウス,栃木県那須塩原市井口５３３番地１５,3292763,2020-12-22 00:00:00,,09A190,
A209310000910,A2(こども),09(栃木),3(私),1(本),認定こども園清愛幼稚園,栃木県宇都宮市西３－５－１１,3200861,2020-12-22 00:00:00,,09A191,
A209310000929,A2(こども),09(栃木),3(私),1(本),認定こども園釜井台幼稚園,栃木県宇都宮市下岡本町４５４８－４,3291104,2020-12-22 00:00:00,,09A192,
A209310000938,A2(こども),09(栃木),3(私),1(本),ひじり認定こども園,栃木県宇都宮市下反町町３０４,3210122,2020-12-22 00:00:00,,09A193,
A209310000947,A2(こども),09(栃木),3(私),1(本),幼保連携型認定こども園足利めぐみ幼稚園,栃木県足利市小俣町６６０－４,3260141,2020-12-22 00:00:00,,09A194,
A209310000956,A2(こども),09(栃木),3(私),1(本),幼保連携型認定こども園矢場川幼稚園,栃木県足利市里矢場町２２６１－１,3260835,2020-12-22 00:00:00,,09A195,
A209310000965,A2(こども),09(栃木),3(私),1(本),認定こども園鹿沼みどり幼稚園,栃木県鹿沼市幸町２－４６,3220023,2020-12-22 00:00:00,,09A196,
A209310000974,A2(こども),09(栃木),3(私),1(本),認定こども園聖ヨゼフ幼稚園,栃木県日光市瀬川１９９,3211263,2020-12-22 00:00:00,,09A197,
A209310000983,A2(こども),09(栃木),3(私),1(本),認定こども園栗の実,栃木県小山市神鳥谷１－５－１１,3230034,2020-12-22 00:00:00,,09A198,
A209310000992,A2(こども),09(栃木),3(私),1(本),認定こども園にしだ幼稚園,栃木県真岡市飯貝１７８,3214405,2020-12-22 00:00:00,,09A199,
A209310001009,A2(こども),09(栃木),3(私),1(本),認定こども園すみれ幼稚園,栃木県矢板市末広町２－１,3292162,2020-12-22 00:00:00,,09A200,
A209310001018,A2(こども),09(栃木),3(私),1(本),やいたこども園,栃木県矢板市本町８－１３,3292164,2020-12-22 00:00:00,,09A201,
A209310001027,A2(こども),09(栃木),3(私),1(本),認定こども園野ばら幼稚園,栃木県下野市中大領３８６,3290515,2020-12-22 00:00:00,,09A202,
A209310001036,A2(こども),09(栃木),3(私),1(本),認定こども園薬師寺幼稚園,栃木県下野市薬師寺１５８４－２,3290431,2020-12-22 00:00:00,,09A203,
A209310001045,A2(こども),09(栃木),3(私),1(本),認定こども園伊東文化幼稚園,栃木県宇都宮市下砥上町１３９９,3200852,2020-12-22 00:00:00,,09A204,
A209310001054,A2(こども),09(栃木),3(私),1(本),認定こども園静林幼稚園,栃木県小山市喜沢１９９,3230014,2020-12-22 00:00:00,,09A205,
A209310001063,A2(こども),09(栃木),3(私),1(本),認定こども園せいほう幼稚園,栃木県小山市中久喜１２２１－１,3230806,2020-12-22 00:00:00,,09A206,
A209310001072,A2(こども),09(栃木),3(私),1(本),認定こども園氏家幼稚園,栃木県さくら市櫻野１７４５,3291312,2020-12-22 00:00:00,,09A207,
A209310001081,A2(こども),09(栃木),3(私),1(本),茂木中央認定こども園,栃木県芳賀郡茂木町増井２４－１,3213564,2020-12-22 00:00:00,,09A208,
A209310001090,A2(こども),09(栃木),3(私),1(本),赤羽認定こども園,栃木県芳賀郡市貝町赤羽２６３４－２,3213426,2020-12-22 00:00:00,,09A209,
A209310001107,A2(こども),09(栃木),3(私),1(本),かみねの森認定こども園,栃木県芳賀郡市貝町上根４４９－７,3213424,2020-12-22 00:00:00,,09A210,
A209310001116,A2(こども),09(栃木),3(私),1(本),幼保連携型認定こども園メリーランド保育園,栃木県下都賀郡壬生町大字下稲葉３４３－１,3210237,2020-12-22 00:00:00,,09A211,
A209310001125,A2(こども),09(栃木),3(私),1(本),認定こども園聖幼稚園,栃木県宇都宮市末広１－２－８,3210144,2021-05-27 00:00:00,,09A212,
A209310001134,A2(こども),09(栃木),3(私),1(本),認定こども園陽南幼稚園,栃木県宇都宮市江曽島町１２５８－６,3210102,2021-05-27 00:00:00,,09A213,
A209310001143,A2(こども),09(栃木),3(私),1(本),認定おおぞらこども園,栃木県鹿沼市口粟野１３９７－１,3220305,2021-05-27 00:00:00,,09A214,
A209310001152,A2(こども),09(栃木),3(私),1(本),はねかわ太陽認定こども園,栃木県小山市羽川１９０－７,3230012,2021-05-27 00:00:00,,09A215,
A209310001161,A2(こども),09(栃木),3(私),1(本),認定こども園ふたば幼稚園,栃木県大田原市元町１－１－３６,3240053,2021-05-27 00:00:00,,09A216,
A209310001170,A2(こども),09(栃木),3(私),1(本),認定こども園静和幼稚園,栃木県宇都宮市簗瀬１－４－３,3210934,2022-05-01 00:00:00,,,
A209310001189,A2(こども),09(栃木),3(私),1(本),認定こども園ひまわり幼稚園,栃木県小山市横倉新田２８７－２,3230819,2022-05-01 00:00:00,,,
A209310001198,A2(こども),09(栃木),3(私),1(本),認定こども園楠エンゼル幼稚園,栃木県小山市犬塚３－１４－２,3230811,2022-05-01 00:00:00,,,
A209310001205,A2(こども),09(栃木),3(私),1(本),ほうとく認定こども園,栃木県宇都宮市上戸祭町３１３０－５,3200051,2022-05-01 00:00:00,,,
A209310001214,A2(こども),09(栃木),3(私),2(分),認定こども園薬師寺幼稚園分園,栃木県下野市下古山３－１２－２８,3290502,2022-05-01 00:00:00,,,
B109110000012,B1(小学校),09(栃木),1(国),1(本),宇都宮大学共同教育学部附属小学校,栃木県宇都宮市松原１－７－３８,3208538,2020-12-22 00:00:00,,090001,
B109210000010,B1(小学校),09(栃木),2(公),1(本),宇都宮市立中央小学校,栃木県宇都宮市中央本町１－２９,3200805,2020-12-22 00:00:00,,090011,
B109210000029,B1(小学校),09(栃木),2(公),1(本),宇都宮市立東小学校,栃木県宇都宮市東塙田１－６－１４,3200021,2020-12-22 00:00:00,,090012,
B109210000038,B1(小学校),09(栃木),2(公),1(本),宇都宮市立西小学校,栃木県宇都宮市西１－２－１３,3200861,2020-12-22 00:00:00,,090013,
B109210000047,B1(小学校),09(栃木),2(公),1(本),宇都宮市立簗瀬小学校,栃木県宇都宮市南大通り２－６－６,3210963,2020-12-22 00:00:00,,090014,
B109210000056,B1(小学校),09(栃木),2(公),1(本),宇都宮市立西原小学校,栃木県宇都宮市西原２丁目５－４２,3200862,2020-12-22 00:00:00,,090015,
B109210000065,B1(小学校),09(栃木),2(公),1(本),宇都宮市立戸祭小学校,栃木県宇都宮市戸祭１ー１０ー２５,3200056,2020-12-22 00:00:00,,090016,
B109210000074,B1(小学校),09(栃木),2(公),1(本),宇都宮市立今泉小学校,栃木県宇都宮市元今泉１－７－２９,3210954,2020-12-22 00:00:00,,090017,
B109210000083,B1(小学校),09(栃木),2(公),1(本),宇都宮市立昭和小学校,栃木県宇都宮市戸祭元町１－１５,3200031,2020-12-22 00:00:00,,090018,
B109210000092,B1(小学校),09(栃木),2(公),1(本),宇都宮市立陽南小学校,栃木県宇都宮市大和１－１０－１５,3210162,2020-12-22 00:00:00,,090019,
B109210000109,B1(小学校),09(栃木),2(公),1(本),宇都宮市立桜小学校,栃木県宇都宮市桜３丁目２番２２号,3200043,2020-12-22 00:00:00,,090020,
B109210000118,B1(小学校),09(栃木),2(公),1(本),宇都宮市立錦小学校,栃木県宇都宮市錦２－７－１５,3210967,2020-12-22 00:00:00,,090021,
B109210000127,B1(小学校),09(栃木),2(公),1(本),宇都宮市立細谷小学校,栃木県宇都宮市細谷１－４－３８,3200073,2020-12-22 00:00:00,,090022,
B109210000136,B1(小学校),09(栃木),2(公),1(本),宇都宮市立峰小学校,栃木県宇都宮市峰３－２０－１７,3210942,2020-12-22 00:00:00,,090023,
B109210000145,B1(小学校),09(栃木),2(公),1(本),宇都宮市立富士見小学校,栃木県宇都宮市鶴田町２７０８－３,3200851,2020-12-22 00:00:00,,090024,
B109210000154,B1(小学校),09(栃木),2(公),1(本),宇都宮市立泉が丘小学校,栃木県宇都宮市泉が丘７－１２－１４,3210952,2020-12-22 00:00:00,,090025,
B109210000163,B1(小学校),09(栃木),2(公),1(本),宇都宮市立平石中央小学校,栃木県宇都宮市下平出町４７９,3210903,2020-12-22 00:00:00,,090027,
B109210000172,B1(小学校),09(栃木),2(公),1(本),宇都宮市立平石北小学校,栃木県宇都宮市平出町１８０４,3210901,2020-12-22 00:00:00,,090028,
B109210000181,B1(小学校),09(栃木),2(公),1(本),宇都宮市立清原中央小学校,栃木県宇都宮市道場宿町８４８,3213237,2020-12-22 00:00:00,,090029,
B109210000190,B1(小学校),09(栃木),2(公),1(本),宇都宮市立清原南小学校,栃木県宇都宮市上籠谷町１４０１,3213233,2020-12-22 00:00:00,,090030,
B109210000207,B1(小学校),09(栃木),2(公),1(本),宇都宮市立清原北小学校,栃木県宇都宮市板戸町１７６５番地,3213221,2020-12-22 00:00:00,,090031,
B109210000216,B1(小学校),09(栃木),2(公),1(本),宇都宮市立清原東小学校,栃木県宇都宮市氷室町１７１３－１,3213232,2020-12-22 00:00:00,,090032,
B109210000225,B1(小学校),09(栃木),2(公),1(本),宇都宮市立横川中央小学校,栃木県宇都宮市屋板町１０７２,3210112,2020-12-22 00:00:00,,090033,
B109210000234,B1(小学校),09(栃木),2(公),1(本),宇都宮市立横川東小学校,栃木県宇都宮市下栗町９６３,3210923,2020-12-22 00:00:00,,090034,
B109210000243,B1(小学校),09(栃木),2(公),1(本),宇都宮市立横川西小学校,栃木県宇都宮市上横田町８５０,3210106,2020-12-22 00:00:00,,090035,
B109210000252,B1(小学校),09(栃木),2(公),1(本),宇都宮市立瑞穂野北小学校,栃木県宇都宮市下桑島町４６５,3210914,2020-12-22 00:00:00,,090036,
B109210000261,B1(小学校),09(栃木),2(公),1(本),宇都宮市立瑞穂野南小学校,栃木県宇都宮市西刑部町４４４,3210917,2020-12-22 00:00:00,,090037,
B109210000270,B1(小学校),09(栃木),2(公),1(本),宇都宮市立豊郷中央小学校,栃木県宇都宮市関堀町３３７,3210975,2020-12-22 00:00:00,,090038,
B109210000289,B1(小学校),09(栃木),2(公),1(本),宇都宮市立豊郷南小学校,栃木県宇都宮市竹林町５３２,3210974,2020-12-22 00:00:00,,090039,
B109210000298,B1(小学校),09(栃木),2(公),1(本),宇都宮市立豊郷北小学校,栃木県宇都宮市横山町４１１－３,3200001,2020-12-22 00:00:00,,090040,
B109210000305,B1(小学校),09(栃木),2(公),1(本),宇都宮市立国本中央小学校,栃木県宇都宮市宝木本町１８６４－１,3200075,2020-12-22 00:00:00,,090041,
B109210000314,B1(小学校),09(栃木),2(公),1(本),宇都宮市立国本西小学校,栃木県宇都宮市新里町丁２９２,3212118,2020-12-22 00:00:00,,090042,
B109210000323,B1(小学校),09(栃木),2(公),1(本),宇都宮市立城山中央小学校,栃木県宇都宮市大谷町１４０２,3210345,2020-12-22 00:00:00,,090043,
B109210000332,B1(小学校),09(栃木),2(公),1(本),宇都宮市立明保小学校,栃木県宇都宮市下荒針町３４５６－２,3210346,2020-12-22 00:00:00,,090044,
B109210000341,B1(小学校),09(栃木),2(公),1(本),宇都宮市立城山西小学校,栃木県宇都宮市古賀志町５８３,3210341,2020-12-22 00:00:00,,090045,
B109210000350,B1(小学校),09(栃木),2(公),1(本),宇都宮市立城山東小学校,栃木県宇都宮市駒生町２３６０,3200065,2020-12-22 00:00:00,,090046,
B109210000369,B1(小学校),09(栃木),2(公),1(本),宇都宮市立富屋小学校,栃木県宇都宮市徳次郎町６６－１,3212116,2020-12-22 00:00:00,,090047,
B109210000378,B1(小学校),09(栃木),2(公),1(本),宇都宮市立篠井小学校,栃木県宇都宮市下小池町５６９－３７,3212105,2020-12-22 00:00:00,,090048,
B109210000387,B1(小学校),09(栃木),2(公),1(本),宇都宮市立姿川中央小学校,栃木県宇都宮市下砥上町１２１,3200852,2020-12-22 00:00:00,,090049,
B109210000396,B1(小学校),09(栃木),2(公),1(本),宇都宮市立姿川第一小学校,栃木県宇都宮市西川田本町３－１１－１５,3210158,2020-12-22 00:00:00,,090050,
B109210000403,B1(小学校),09(栃木),2(公),1(本),宇都宮市立姿川第二小学校,栃木県宇都宮市砥上町５２,3200856,2020-12-22 00:00:00,,090051,
B109210000412,B1(小学校),09(栃木),2(公),1(本),宇都宮市立雀宮中央小学校,栃木県宇都宮市雀の宮３－１０－１３,3210132,2020-12-22 00:00:00,,090052,
B109210000421,B1(小学校),09(栃木),2(公),1(本),宇都宮市立雀宮東小学校,栃木県宇都宮市下反町町２５６－１,3210122,2020-12-22 00:00:00,,090053,
B109210000430,B1(小学校),09(栃木),2(公),1(本),宇都宮市立雀宮南小学校,栃木県宇都宮市南町３－３,3210142,2020-12-22 00:00:00,,090054,
B109210000449,B1(小学校),09(栃木),2(公),1(本),宇都宮市立緑が丘小学校,栃木県宇都宮市緑３－３－１２,3210165,2020-12-22 00:00:00,,090055,
B109210000458,B1(小学校),09(栃木),2(公),1(本),宇都宮市立宮の原小学校,栃木県宇都宮市宮原４－１－１４,3200835,2020-12-22 00:00:00,,090056,
B109210000467,B1(小学校),09(栃木),2(公),1(本),宇都宮市立御幸小学校,栃木県宇都宮市御幸本町４６３８－１,3210983,2020-12-22 00:00:00,,090057,
B109210000476,B1(小学校),09(栃木),2(公),1(本),宇都宮市立宝木小学校,栃木県宇都宮市駒生３３６４－２９,3200065,2020-12-22 00:00:00,,090058,
B109210000485,B1(小学校),09(栃木),2(公),1(本),宇都宮市立城東小学校,栃木県宇都宮市簗瀬町３６０,3210933,2020-12-22 00:00:00,,090059,
B109210000494,B1(小学校),09(栃木),2(公),1(本),宇都宮市立陽東小学校,栃木県宇都宮市陽東２－１６－３６,3210904,2020-12-22 00:00:00,,090060,
B109210000500,B1(小学校),09(栃木),2(公),1(本),宇都宮市立海道小学校,栃木県宇都宮市海道町３５－１,3210971,2020-12-22 00:00:00,,090061,
B109210000519,B1(小学校),09(栃木),2(公),1(本),宇都宮市立石井小学校,栃木県宇都宮市石井町１２１３,3210912,2020-12-22 00:00:00,,090063,
B109210000528,B1(小学校),09(栃木),2(公),1(本),宇都宮市立御幸が原小学校,栃木県宇都宮市御幸ヶ原町５３－２,3210982,2020-12-22 00:00:00,,090064,
B109210000537,B1(小学校),09(栃木),2(公),1(本),宇都宮市立五代小学校,栃木県宇都宮市五代２－２２－３３,3210135,2020-12-22 00:00:00,,090065,
B109210000546,B1(小学校),09(栃木),2(公),1(本),宇都宮市立陽光小学校,栃木県宇都宮市緑５ー３ー１６,3210165,2020-12-22 00:00:00,,090066,
B109210000555,B1(小学校),09(栃木),2(公),1(本),宇都宮市立瑞穂台小学校,栃木県宇都宮市瑞穂１－２２,3210921,2020-12-22 00:00:00,,090067,
B109210000564,B1(小学校),09(栃木),2(公),1(本),宇都宮市立晃宝小学校,栃木県宇都宮市宝木本町１２６３－１,3200075,2020-12-22 00:00:00,,090068,
B109210000573,B1(小学校),09(栃木),2(公),1(本),宇都宮市立新田小学校,栃木県宇都宮市針ヶ谷１－１８－２１,3210137,2020-12-22 00:00:00,,090069,
B109210000582,B1(小学校),09(栃木),2(公),1(本),宇都宮市立西が岡小学校,栃木県宇都宮市宝木２－１０７５－１２,3200061,2020-12-22 00:00:00,,090070,
B109210000591,B1(小学校),09(栃木),2(公),1(本),宇都宮市立上戸祭小学校,栃木県宇都宮市上戸祭町２７１－１,3200051,2020-12-22 00:00:00,,090071,
B109210000608,B1(小学校),09(栃木),2(公),1(本),足利市立毛野小学校,栃木県足利市大久保町１５００,3260012,2020-12-22 00:00:00,,090087,
B109210000617,B1(小学校),09(栃木),2(公),1(本),足利市立山辺小学校,栃木県足利市八幡町３８６,3260824,2020-12-22 00:00:00,,090088,
B109210000626,B1(小学校),09(栃木),2(公),1(本),足利市立三重小学校,栃木県足利市五十部１０６０,3260843,2020-12-22 00:00:00,,090089,
B109210000635,B1(小学校),09(栃木),2(公),1(本),足利市立山前小学校,栃木県足利市山下町１２９７,3260846,2020-12-22 00:00:00,,090090,
B109210000644,B1(小学校),09(栃木),2(公),1(本),足利市立北郷小学校,栃木県足利市田島町１,3260061,2020-12-22 00:00:00,,090091,
B109210000653,B1(小学校),09(栃木),2(公),1(本),足利市立大月小学校,栃木県足利市大月町１０８９,3260005,2020-12-22 00:00:00,,090092,
B109210000662,B1(小学校),09(栃木),2(公),1(本),足利市立名草小学校,栃木県足利市名草中町１１５１－１,3260002,2020-12-22 00:00:00,,090093,
B109210000671,B1(小学校),09(栃木),2(公),1(本),足利市立富田小学校,栃木県足利市駒場町６２５,3294217,2020-12-22 00:00:00,,090094,
B109210000680,B1(小学校),09(栃木),2(公),1(本),足利市立矢場川小学校,栃木県足利市里矢場町１９９８,3260835,2020-12-22 00:00:00,,090095,
B109210000699,B1(小学校),09(栃木),2(公),1(本),足利市立梁田小学校,栃木県足利市福富町３９２－２,3260331,2020-12-22 00:00:00,,090096,
B109210000706,B1(小学校),09(栃木),2(公),1(本),足利市立久野小学校,栃木県足利市久保田町２１６,3260324,2020-12-22 00:00:00,,090097,
B109210000715,B1(小学校),09(栃木),2(公),1(本),足利市立筑波小学校,栃木県足利市小曽根町５１７,3260326,2020-12-22 00:00:00,,090098,
B109210000724,B1(小学校),09(栃木),2(公),1(本),足利市立御厨小学校,栃木県足利市福居町１９,3260338,2020-12-22 00:00:00,,090099,
B109210000733,B1(小学校),09(栃木),2(公),1(本),足利市立葉鹿小学校,栃木県足利市葉鹿町１－１４－２,3260143,2020-12-22 00:00:00,,090102,
B109210000742,B1(小学校),09(栃木),2(公),1(本),足利市立小俣小学校,栃木県足利市小俣町６７０－１,3260141,2020-12-22 00:00:00,,090103,
B109210000751,B1(小学校),09(栃木),2(公),1(本),足利市立南小学校,栃木県足利市堀込町２７１９,3260831,2020-12-22 00:00:00,,090105,
B109210000760,B1(小学校),09(栃木),2(公),1(本),足利市立毛野南小学校,栃木県足利市常見町１－４,3260022,2020-12-22 00:00:00,,090106,
B109210000779,B1(小学校),09(栃木),2(公),1(本),足利市立けやき小学校,栃木県足利市柳原町８６１,3260806,2020-12-22 00:00:00,,090108,
B109210000788,B1(小学校),09(栃木),2(公),1(本),足利市立青葉小学校,栃木県足利市大橋町１丁目２００７－１,3260051,2020-12-22 00:00:00,,090109,
B109210000797,B1(小学校),09(栃木),2(公),1(本),足利市立東山小学校,栃木県足利市助戸仲町８０６,3260043,2020-12-22 00:00:00,,090110,
B109210000804,B1(小学校),09(栃木),2(公),1(本),足利市立桜小学校,栃木県足利市千歳町８９,3260045,2020-12-22 00:00:00,,090114,
B109210000813,B1(小学校),09(栃木),2(公),1(本),足利市立坂西北小学校,栃木県足利市板倉町６６９,3260102,2020-12-22 00:00:00,,090115,
B109210000822,B1(小学校),09(栃木),2(公),1(本),栃木市立栃木第三小学校,栃木県栃木市小平町１３－３９,3280073,2020-12-22 00:00:00,,090133,
B109210000831,B1(小学校),09(栃木),2(公),1(本),栃木市立栃木第四小学校,栃木県栃木市城内町１－３－１５,3280033,2020-12-22 00:00:00,,090134,
B109210000840,B1(小学校),09(栃木),2(公),1(本),栃木市立栃木第五小学校,栃木県栃木市薗部町２－７－２５,3280074,2020-12-22 00:00:00,,090135,
B109210000859,B1(小学校),09(栃木),2(公),1(本),栃木市立大宮南小学校,栃木県栃木市藤田町１３５－２,3280026,2020-12-22 00:00:00,,090136,
B109210000868,B1(小学校),09(栃木),2(公),1(本),栃木市立大宮北小学校,栃木県栃木市大宮町１７７７－１,3280011,2020-12-22 00:00:00,,090137,
B109210000877,B1(小学校),09(栃木),2(公),1(本),栃木県栃木市立吹上小学校,栃木県栃木市吹上町１１５,3280125,2020-12-22 00:00:00,,090140,
B109210000886,B1(小学校),09(栃木),2(公),1(本),栃木市立千塚小学校,栃木県栃木市大森町１９６,3280133,2020-12-22 00:00:00,,090141,
B109210000895,B1(小学校),09(栃木),2(公),1(本),栃木市立国府南小学校,栃木県栃木市寄居町９４９－３,3280005,2020-12-22 00:00:00,,090145,
B109210000902,B1(小学校),09(栃木),2(公),1(本),栃木市立国府北小学校,栃木県栃木市大塚町１２７８,3280007,2020-12-22 00:00:00,,090146,
B109210000911,B1(小学校),09(栃木),2(公),1(本),栃木市立南小学校,栃木県栃木市沼和田町３８－１０,3280042,2020-12-22 00:00:00,,090147,
B109210000920,B1(小学校),09(栃木),2(公),1(本),栃木市立皆川城東小学校,栃木県栃木市皆川城内町４８６,3280067,2020-12-22 00:00:00,,090148,
B109210000939,B1(小学校),09(栃木),2(公),1(本),栃木市立栃木中央小学校,栃木県栃木市入舟町１３－３,3280016,2020-12-22 00:00:00,,090149,
B109210000948,B1(小学校),09(栃木),2(公),1(本),佐野市立佐野小学校,栃木県佐野市金屋下町１０番地,3270025,2020-12-22 00:00:00,,090161,
B109210000957,B1(小学校),09(栃木),2(公),1(本),佐野市立天明小学校,栃木県佐野市大祝町２３１１,3270016,2020-12-22 00:00:00,,090162,
B109210000966,B1(小学校),09(栃木),2(公),1(本),佐野市立植野小学校,栃木県佐野市植上町１２７２,3270832,2020-12-22 00:00:00,,090163,
B109210000975,B1(小学校),09(栃木),2(公),1(本),佐野市立界小学校,栃木県佐野市馬門町１５３９,3270824,2020-12-22 00:00:00,,090164,
B109210000984,B1(小学校),09(栃木),2(公),1(本),佐野市立犬伏小学校,栃木県佐野市犬伏下町１９８３,3270804,2020-12-22 00:00:00,,090165,
B109210000993,B1(小学校),09(栃木),2(公),1(本),佐野市立城北小学校,栃木県佐野市堀米町１１５６,3270843,2020-12-22 00:00:00,,090166,
B109210001000,B1(小学校),09(栃木),2(公),1(本),佐野市立旗川小学校,栃木県佐野市並木町９６４,3270002,2020-12-22 00:00:00,,090167,
B109210001019,B1(小学校),09(栃木),2(公),1(本),佐野市立吾妻小学校,栃木県佐野市上羽田町１３６９－１,3270042,2020-12-22 00:00:00,,090169,
B109210001028,B1(小学校),09(栃木),2(公),1(本),佐野市立赤見小学校,栃木県佐野市赤見町３２２９,3270104,2020-12-22 00:00:00,,090170,
B109210001037,B1(小学校),09(栃木),2(公),1(本),佐野市立石塚小学校,栃木県佐野市石塚町１４０８－２,3270103,2020-12-22 00:00:00,,090171,
B109210001046,B1(小学校),09(栃木),2(公),1(本),佐野市立出流原小学校,栃木県佐野市出流原町１０３８－１,3270102,2020-12-22 00:00:00,,090172,
B109210001055,B1(小学校),09(栃木),2(公),1(本),佐野市立犬伏東小学校,栃木県佐野市伊勢山町１５３４,3270817,2020-12-22 00:00:00,,090173,
B109210001064,B1(小学校),09(栃木),2(公),1(本),鹿沼市立中央小学校,栃木県鹿沼市今宮町１６２４,3220068,2020-12-22 00:00:00,,090191,
B109210001073,B1(小学校),09(栃木),2(公),1(本),鹿沼市立東小学校,栃木県鹿沼市東末広町１０８２,3220039,2020-12-22 00:00:00,,090192,
B109210001082,B1(小学校),09(栃木),2(公),1(本),鹿沼市立北小学校,栃木県鹿沼市泉町２４５７,3220062,2020-12-22 00:00:00,,090193,
B109210001091,B1(小学校),09(栃木),2(公),1(本),鹿沼市立菊沢東小学校,栃木県鹿沼市仁神堂町５３０,3220003,2020-12-22 00:00:00,,090194,
B109210001108,B1(小学校),09(栃木),2(公),1(本),鹿沼市立菊沢西小学校,栃木県鹿沼市見野７５,3220071,2020-12-22 00:00:00,,090195,
B109210001117,B1(小学校),09(栃木),2(公),1(本),鹿沼市立石川小学校,栃木県鹿沼市上石川１３４４,3220015,2020-12-22 00:00:00,,090196,
B109210001126,B1(小学校),09(栃木),2(公),1(本),鹿沼市立津田小学校,栃木県鹿沼市深津１３９０,3220013,2020-12-22 00:00:00,,090197,
B109210001135,B1(小学校),09(栃木),2(公),1(本),鹿沼市立池ノ森小学校,栃木県鹿沼市池ノ森７５７－１,3220018,2020-12-22 00:00:00,,090198,
B109210001144,B1(小学校),09(栃木),2(公),1(本),鹿沼市立北押原小学校,栃木県鹿沼市樅山町８２,3220046,2020-12-22 00:00:00,,090200,
B109210001153,B1(小学校),09(栃木),2(公),1(本),鹿沼市立加園小学校,栃木県鹿沼市加園２８００,3220252,2020-12-22 00:00:00,,090201,
B109210001162,B1(小学校),09(栃木),2(公),1(本),鹿沼市立板荷小学校,栃木県鹿沼市板荷２７７５,3211111,2020-12-22 00:00:00,,090209,
B109210001171,B1(小学校),09(栃木),2(公),1(本),鹿沼市立南摩小学校,栃木県鹿沼市油田町１０００,3220342,2020-12-22 00:00:00,,090210,
B109210001180,B1(小学校),09(栃木),2(公),1(本),鹿沼市立上南摩小学校,栃木県鹿沼市上南摩町７３２番地,3220346,2020-12-22 00:00:00,,090211,
B109210001199,B1(小学校),09(栃木),2(公),1(本),鹿沼市立南押原小学校,栃木県鹿沼市磯町１１７,3220536,2020-12-22 00:00:00,,090213,
B109210001206,B1(小学校),09(栃木),2(公),1(本),鹿沼市立楡木小学校,栃木県鹿沼市楡木町７０－２,3220526,2020-12-22 00:00:00,,090214,
B109210001215,B1(小学校),09(栃木),2(公),1(本),鹿沼市立西小学校,栃木県鹿沼市上日向６０６,3220076,2020-12-22 00:00:00,,090216,
B109210001224,B1(小学校),09(栃木),2(公),1(本),鹿沼市立さつきが丘小学校,栃木県鹿沼市茂呂１０８６－５,3220026,2020-12-22 00:00:00,,090218,
B109210001233,B1(小学校),09(栃木),2(公),1(本),鹿沼市立みなみ小学校,栃木県鹿沼市南上野町５０３,3220531,2020-12-22 00:00:00,,090219,
B109210001242,B1(小学校),09(栃木),2(公),1(本),鹿沼市立みどりが丘小学校,栃木県鹿沼市西茂呂３－７－１９,3220029,2020-12-22 00:00:00,,090220,
B109210001251,B1(小学校),09(栃木),2(公),1(本),日光市立日光小学校,栃木県日光市萩垣面２３９０－２,3211414,2020-12-22 00:00:00,,090231,
B109210001260,B1(小学校),09(栃木),2(公),1(本),日光市立清滝小学校,栃木県日光市清滝２－１０－１,3211444,2020-12-22 00:00:00,,090232,
B109210001279,B1(小学校),09(栃木),2(公),1(本),日光市立中宮祠小学校,栃木県日光市中宮祠２４７８,3211661,2020-12-22 00:00:00,,090235,
B109210001288,B1(小学校),09(栃木),2(公),1(本),日光市立小来川小学校,栃木県日光市中小来川２８１７,3211354,2020-12-22 00:00:00,,090237,
B109210001297,B1(小学校),09(栃木),2(公),1(本),日光市立安良沢小学校,栃木県日光市久次良町１７７７,3211436,2020-12-22 00:00:00,,090238,
B109210001304,B1(小学校),09(栃木),2(公),1(本),日光市立今市小学校,栃木県日光市今市５３１,3211261,2020-12-22 00:00:00,,090251,
B109210001313,B1(小学校),09(栃木),2(公),1(本),日光市立今市第二小学校,栃木県日光市瀬川２２７,3211263,2020-12-22 00:00:00,,090252,
B109210001322,B1(小学校),09(栃木),2(公),1(本),日光市立落合東小学校,栃木県日光市文挾町１０６,3211105,2020-12-22 00:00:00,,090254,
B109210001331,B1(小学校),09(栃木),2(公),1(本),日光市立落合西小学校,栃木県日光市長畑５２２－２,3211108,2020-12-22 00:00:00,,090255,
B109210001340,B1(小学校),09(栃木),2(公),1(本),日光市立大桑小学校,栃木県日光市大桑町１７９,3212411,2020-12-22 00:00:00,,090256,
B109210001359,B1(小学校),09(栃木),2(公),1(本),日光市立轟小学校,栃木県日光市轟５３,3212404,2020-12-22 00:00:00,,090257,
B109210001377,B1(小学校),09(栃木),2(公),1(本),日光市立大沢小学校,栃木県日光市大沢町９７番地,3212341,2020-12-22 00:00:00,,090259,
B109210001386,B1(小学校),09(栃木),2(公),1(本),日光市立大室小学校,栃木県日光市大室３５６,3212332,2020-12-22 00:00:00,,090260,
B109210001395,B1(小学校),09(栃木),2(公),1(本),日光市立猪倉小学校,栃木県日光市猪倉３３１４,3212344,2020-12-22 00:00:00,,090261,
B109210001402,B1(小学校),09(栃木),2(公),1(本),日光市立小林小学校,栃木県日光市小林２７０８,3212352,2020-12-22 00:00:00,,090262,
B109210001411,B1(小学校),09(栃木),2(公),1(本),日光市立今市第三小学校,栃木県日光市今市本町１８－１,3211272,2020-12-22 00:00:00,,090263,
B109210001420,B1(小学校),09(栃木),2(公),1(本),日光市立南原小学校,栃木県日光市土沢４６０,3211274,2020-12-22 00:00:00,,090264,
B109210001439,B1(小学校),09(栃木),2(公),1(本),小山市立小山第一小学校,栃木県小山市宮本町１－３－１,3230024,2020-12-22 00:00:00,,090281,
B109210001448,B1(小学校),09(栃木),2(公),1(本),小山市立小山第二小学校,栃木県小山市宮本町２－９－２０,3230024,2020-12-22 00:00:00,,090282,
B109210001457,B1(小学校),09(栃木),2(公),1(本),小山市立大谷東小学校,栃木県小山市大字横倉新田２７１,3230819,2020-12-22 00:00:00,,090283,
B109210001466,B1(小学校),09(栃木),2(公),1(本),小山市立大谷南小学校,栃木県小山市大字東野田２１４７,3230817,2020-12-22 00:00:00,,090284,
B109210001475,B1(小学校),09(栃木),2(公),1(本),小山市立大谷北小学校,栃木県小山市犬塚５－６－１０,3230811,2020-12-22 00:00:00,,090285,
B109210001484,B1(小学校),09(栃木),2(公),1(本),小山市立間々田小学校,栃木県小山市間々田１５１２,3290205,2020-12-22 00:00:00,,090286,
B109210001493,B1(小学校),09(栃木),2(公),1(本),小山市立下生井小学校,栃木県小山市下生井１５４６,3290223,2020-12-22 00:00:00,,090287,
B109210001509,B1(小学校),09(栃木),2(公),1(本),小山市立網戸小学校,栃木県小山市網戸１５１４,3290215,2020-12-22 00:00:00,,090288,
B109210001518,B1(小学校),09(栃木),2(公),1(本),小山市立寒川小学校,栃木県小山市中里８６１番地,3290227,2020-12-22 00:00:00,,090289,
B109210001545,B1(小学校),09(栃木),2(公),1(本),小山市立穂積小学校,栃木県小山市萩島２７,3230046,2020-12-22 00:00:00,,090292,
B109210001554,B1(小学校),09(栃木),2(公),1(本),小山市立中小学校,栃木県小山市南小林１０９,3230057,2020-12-22 00:00:00,,090293,
B109210001563,B1(小学校),09(栃木),2(公),1(本),小山市立羽川小学校,栃木県小山市羽川１２５,3230012,2020-12-22 00:00:00,,090294,
B109210001572,B1(小学校),09(栃木),2(公),1(本),小山市立萱橋小学校,栃木県小山市大字萱橋１１６９番地の１,3230804,2020-12-22 00:00:00,,090295,
B109210001581,B1(小学校),09(栃木),2(公),1(本),小山市立旭小学校,栃木県小山市駅南町５－６－６９,3230822,2020-12-22 00:00:00,,090299,
B109210001590,B1(小学校),09(栃木),2(公),1(本),小山市立乙女小学校,栃木県小山市乙女１９５４,3290214,2020-12-22 00:00:00,,090300,
B109210001607,B1(小学校),09(栃木),2(公),1(本),小山市立小山城東小学校,栃木県小山市城東１－１６－１,3230807,2020-12-22 00:00:00,,090301,
B109210001616,B1(小学校),09(栃木),2(公),1(本),小山市立羽川西小学校,栃木県小山市黒本７７１－２,3230002,2020-12-22 00:00:00,,090302,
B109210001625,B1(小学校),09(栃木),2(公),1(本),小山市立小山第三小学校,栃木県小山市神鳥谷４－７－５１,3230034,2020-12-22 00:00:00,,090303,
B109210001634,B1(小学校),09(栃木),2(公),1(本),小山市立小山城南小学校,栃木県小山市西城南５－２９－１,3230820,2020-12-22 00:00:00,,090304,
B109210001643,B1(小学校),09(栃木),2(公),1(本),小山市立小山城北小学校,栃木県小山市城北５－１８－１,3230029,2020-12-22 00:00:00,,090306,
B109210001652,B1(小学校),09(栃木),2(公),1(本),小山市立若木小学校,栃木県小山市若木町２－６－４４,3230028,2020-12-22 00:00:00,,090307,
B109210001661,B1(小学校),09(栃木),2(公),1(本),小山市立間々田東小学校,栃木県小山市間々田５７－２,3290205,2020-12-22 00:00:00,,090308,
B109210001670,B1(小学校),09(栃木),2(公),1(本),真岡市立真岡小学校,栃木県真岡市台町４１８４,3214306,2020-12-22 00:00:00,,090321,
B109210001689,B1(小学校),09(栃木),2(公),1(本),真岡市立大内中央小学校,栃木県真岡市飯貝４５７－１,3214405,2020-12-22 00:00:00,,090322,
B109210001698,B1(小学校),09(栃木),2(公),1(本),真岡市立大内東小学校,栃木県真岡市赤羽３０－１,3214401,2020-12-22 00:00:00,,090323,
B109210001705,B1(小学校),09(栃木),2(公),1(本),真岡市立大内西小学校,栃木県真岡市下籠谷２４７２－１,3214415,2020-12-22 00:00:00,,090324,
B109210001714,B1(小学校),09(栃木),2(公),1(本),真岡市立山前小学校,栃木県真岡市小林６７２－２,3214321,2020-12-22 00:00:00,,090325,
B109210001723,B1(小学校),09(栃木),2(公),1(本),真岡市立西田井小学校,栃木県真岡市西田井１５０５－２,3214301,2020-12-22 00:00:00,,090326,
B109210001732,B1(小学校),09(栃木),2(公),1(本),真岡市立中村小学校,栃木県真岡市中３０２,3214351,2020-12-22 00:00:00,,090328,
B109210001741,B1(小学校),09(栃木),2(公),1(本),真岡市立真岡西小学校,栃木県真岡市熊倉三丁目３３番地６,3214362,2020-12-22 00:00:00,,090329,
B109210001750,B1(小学校),09(栃木),2(公),1(本),真岡市立長田小学校,栃木県真岡市長田１３０２－１,3214364,2020-12-22 00:00:00,,090330,
B109210001769,B1(小学校),09(栃木),2(公),1(本),真岡市立真岡東小学校,栃木県真岡市東光寺１－４－１,3214305,2020-12-22 00:00:00,,090331,
B109210001778,B1(小学校),09(栃木),2(公),1(本),真岡市立亀山小学校,栃木県真岡市亀山１０３７－３,3214363,2020-12-22 00:00:00,,090333,
B109210001787,B1(小学校),09(栃木),2(公),1(本),大田原市立大田原小学校,栃木県大田原市城山１－４－３６,3240052,2020-12-22 00:00:00,,090351,
B109210001796,B1(小学校),09(栃木),2(公),1(本),大田原市立西原小学校,栃木県大田原市美原３－２－８,3240047,2020-12-22 00:00:00,,090352,
B109210001803,B1(小学校),09(栃木),2(公),1(本),大田原市立紫塚小学校,栃木県大田原市紫塚１－７－１,3240058,2020-12-22 00:00:00,,090353,
B109210001812,B1(小学校),09(栃木),2(公),1(本),大田原市立親園小学校,栃木県大田原市親園６１８,3240044,2020-12-22 00:00:00,,090354,
B109210001821,B1(小学校),09(栃木),2(公),1(本),大田原市立宇田川小学校,栃木県大田原市宇田川８２９,3240022,2020-12-22 00:00:00,,090355,
B109210001830,B1(小学校),09(栃木),2(公),1(本),大田原市立市野沢小学校,栃木県大田原市市野沢２０７７,3240006,2020-12-22 00:00:00,,090356,
B109210001849,B1(小学校),09(栃木),2(公),1(本),大田原市立奥沢小学校,栃木県大田原市奥沢１７５,3240017,2020-12-22 00:00:00,,090357,
B109210001858,B1(小学校),09(栃木),2(公),1(本),大田原市立金丸小学校,栃木県大田原市南金丸１６４０,3240012,2020-12-22 00:00:00,,090358,
B109210001867,B1(小学校),09(栃木),2(公),1(本),大田原市立羽田小学校,栃木県大田原市羽田６４４番地,3240002,2020-12-22 00:00:00,,090359,
B109210001876,B1(小学校),09(栃木),2(公),1(本),大田原市立薄葉小学校,栃木県大田原市薄葉２０１４,3240035,2020-12-22 00:00:00,,090360,
B109210001885,B1(小学校),09(栃木),2(公),1(本),大田原市立石上小学校,栃木県大田原市上石上１５２８,3240037,2020-12-22 00:00:00,,090361,
B109210001894,B1(小学校),09(栃木),2(公),1(本),大田原市立佐久山小学校,栃木県大田原市佐久山２２７１,3240032,2020-12-22 00:00:00,,090362,
B109210001901,B1(小学校),09(栃木),2(公),2(分),大田原市立金丸小学校北金丸分校,栃木県大田原市北金丸２６００－１１,3240011,2020-12-22 00:00:00,,090364,
B109210001910,B1(小学校),09(栃木),2(公),1(本),矢板市立矢板小学校,栃木県矢板市本町４－２３,3292164,2020-12-22 00:00:00,,090381,
B109210001929,B1(小学校),09(栃木),2(公),1(本),矢板市立川崎小学校,栃木県矢板市木幡１６４６番地,3292142,2020-12-22 00:00:00,,090382,
B109210001947,B1(小学校),09(栃木),2(公),1(本),矢板市立泉小学校,栃木県矢板市泉３７８,3292504,2020-12-22 00:00:00,,090386,
B109210001956,B1(小学校),09(栃木),2(公),1(本),矢板市立片岡小学校,栃木県矢板市片岡２０９５－７９,3291571,2020-12-22 00:00:00,,090390,
B109210001965,B1(小学校),09(栃木),2(公),1(本),矢板市立乙畑小学校,栃木県矢板市乙畑１９０２,3291574,2020-12-22 00:00:00,,090391,
B109210001974,B1(小学校),09(栃木),2(公),1(本),矢板市立安沢小学校,栃木県矢板市安沢１４８２,3291572,2020-12-22 00:00:00,,090392,
B109210001983,B1(小学校),09(栃木),2(公),1(本),矢板市立東小学校,栃木県矢板市東町６１６,3292136,2020-12-22 00:00:00,,090393,
B109210001992,B1(小学校),09(栃木),2(公),1(本),上三川町立本郷小学校,栃木県河内郡上三川町東蓼沼２５１,3290603,2020-12-22 00:00:00,,090401,
B109210002009,B1(小学校),09(栃木),2(公),1(本),上三川町立上三川小学校,栃木県河内郡上三川町上三川４５９４,3290611,2020-12-22 00:00:00,,090402,
B109210002018,B1(小学校),09(栃木),2(公),1(本),上三川町立坂上小学校,栃木県河内郡上三川町坂上６２８,3290613,2020-12-22 00:00:00,,090403,
B109210002027,B1(小学校),09(栃木),2(公),1(本),上三川町立明治小学校,栃木県河内郡上三川町大山５２４,3290525,2020-12-22 00:00:00,,090404,
B109210002036,B1(小学校),09(栃木),2(公),1(本),上三川町立明治南小学校,栃木県河内郡上三川町多功１４１２,3290524,2020-12-22 00:00:00,,090405,
B109210002045,B1(小学校),09(栃木),2(公),1(本),上三川町立北小学校,栃木県河内郡上三川町上蒲生１７２５,3290617,2020-12-22 00:00:00,,090406,
B109210002054,B1(小学校),09(栃木),2(公),1(本),上三川町立本郷北小学校,栃木県河内郡上三川町西汗１５８５,3290607,2020-12-22 00:00:00,,090407,
B109210002090,B1(小学校),09(栃木),2(公),1(本),下野市立祇園小学校,栃木県下野市祇園２－２１－３,3290434,2020-12-22 00:00:00,,090424,
B109210002107,B1(小学校),09(栃木),2(公),1(本),下野市立緑小学校,栃木県下野市緑３－１６－１,3290433,2020-12-22 00:00:00,,090425,
B109210002116,B1(小学校),09(栃木),2(公),1(本),宇都宮市立上河内東小学校,栃木県宇都宮市下小倉町１３０２,3210403,2020-12-22 00:00:00,,090431,
B109210002125,B1(小学校),09(栃木),2(公),1(本),宇都宮市立上河内西小学校,栃木県宇都宮市関白町４７１,3210412,2020-12-22 00:00:00,,090432,
B109210002134,B1(小学校),09(栃木),2(公),1(本),宇都宮市立上河内中央小学校,栃木県宇都宮市中里町２０１番地１,3210414,2020-12-22 00:00:00,,090434,
B109210002143,B1(小学校),09(栃木),2(公),1(本),宇都宮市立岡本小学校,栃木県宇都宮市中岡本町２６２３,3291105,2020-12-22 00:00:00,,090451,
B109210002152,B1(小学校),09(栃木),2(公),1(本),宇都宮市立白沢小学校,栃木県宇都宮市白沢町１６４３,3291102,2020-12-22 00:00:00,,090452,
B109210002161,B1(小学校),09(栃木),2(公),1(本),宇都宮市立田原小学校,栃木県宇都宮市上田原町３５５,3291112,2020-12-22 00:00:00,,090453,
B109210002170,B1(小学校),09(栃木),2(公),1(本),宇都宮市立岡本西小学校,栃木県宇都宮市中岡本町３７０９－２,3291105,2020-12-22 00:00:00,,090454,
B109210002189,B1(小学校),09(栃木),2(公),1(本),宇都宮市立岡本北小学校,栃木県宇都宮市中岡本町２４８１－１,3291105,2020-12-22 00:00:00,,090455,
B109210002198,B1(小学校),09(栃木),2(公),1(本),宇都宮市立田原西小学校,栃木県宇都宮市立伏町８－１,3291116,2020-12-22 00:00:00,,090456,
B109210002205,B1(小学校),09(栃木),2(公),1(本),栃木市立西方小学校,栃木県栃木市西方町元７７０,3220604,2020-12-22 00:00:00,,090471,
B109210002214,B1(小学校),09(栃木),2(公),1(本),栃木市立真名子小学校,栃木県栃木市西方町真名子１０８９－１,3220605,2020-12-22 00:00:00,,090472,
B109210002223,B1(小学校),09(栃木),2(公),1(本),鹿沼市立粟野小学校,栃木県鹿沼市口粟野８０２,3220305,2020-12-22 00:00:00,,090481,
B109210002232,B1(小学校),09(栃木),2(公),1(本),鹿沼市立清洲第一小学校,栃木県鹿沼市久野６２０－１,3220303,2020-12-22 00:00:00,,090484,
B109210002241,B1(小学校),09(栃木),2(公),1(本),鹿沼市立清洲第二小学校,栃木県鹿沼市北半田１５１５,3220301,2020-12-22 00:00:00,,090485,
B109210002250,B1(小学校),09(栃木),2(公),1(本),鹿沼市立粕尾小学校,栃木県鹿沼市下粕尾１４４４－１,3220421,2020-12-22 00:00:00,,090488,
B109210002269,B1(小学校),09(栃木),2(公),1(本),鹿沼市立永野小学校,栃木県鹿沼市上永野３１０,3280211,2020-12-22 00:00:00,,090490,
B109210002278,B1(小学校),09(栃木),2(公),1(本),日光市立足尾小学校,栃木県日光市足尾町赤沢６－２,3211524,2020-12-22 00:00:00,,090501,
B109210002287,B1(小学校),09(栃木),2(公),1(本),真岡市立久下田小学校,栃木県真岡市久下田４９１,3214521,2020-12-22 00:00:00,,090523,
B109210002296,B1(小学校),09(栃木),2(公),1(本),真岡市立物部小学校,栃木県真岡市物井１１８０,3214502,2020-12-22 00:00:00,,090524,
B109210002303,B1(小学校),09(栃木),2(公),1(本),真岡市立長沼小学校,栃木県真岡市長沼７１６,3214539,2020-12-22 00:00:00,,090525,
B109210002312,B1(小学校),09(栃木),2(公),1(本),益子町立田野小学校,栃木県芳賀郡益子町大字長堤４００番地,3214225,2020-12-22 00:00:00,,090541,
B109210002321,B1(小学校),09(栃木),2(公),1(本),益子町立益子小学校,栃木県芳賀郡益子町益子４６６５,3214217,2020-12-22 00:00:00,,090543,
B109210002330,B1(小学校),09(栃木),2(公),1(本),益子町立七井小学校,栃木県芳賀郡益子町大沢２０２,3214104,2020-12-22 00:00:00,,090545,
B109210002349,B1(小学校),09(栃木),2(公),1(本),益子町立益子西小学校,栃木県芳賀郡益子町塙１３４４,3214216,2020-12-22 00:00:00,,090547,
B109210002358,B1(小学校),09(栃木),2(公),1(本),茂木町立逆川小学校,栃木県芳賀郡茂木町飯２２１０,3213626,2020-12-22 00:00:00,,090561,
B109210002367,B1(小学校),09(栃木),2(公),1(本),茂木町立茂木小学校,栃木県芳賀郡茂木町茂木１６２１,3213531,2020-12-22 00:00:00,,090565,
B109210002376,B1(小学校),09(栃木),2(公),1(本),茂木町立中川小学校,栃木県芳賀郡茂木町大字河井８５６,3213703,2020-12-22 00:00:00,,090577,
B109210002385,B1(小学校),09(栃木),2(公),1(本),茂木町立須藤小学校,栃木県芳賀郡茂木町千本４５７,3210457,2020-12-22 00:00:00,,090578,
B109210002394,B1(小学校),09(栃木),2(公),1(本),市貝町立赤羽小学校,栃木県芳賀郡市貝町赤羽２７１１,3213426,2020-12-22 00:00:00,,090583,
B109210002401,B1(小学校),09(栃木),2(公),1(本),市貝町立市貝小学校,栃木県芳賀郡市貝町市塙２１８４,3213423,2020-12-22 00:00:00,,090587,
B109210002410,B1(小学校),09(栃木),2(公),1(本),芳賀町立芳賀東小学校,栃木県芳賀郡芳賀町祖母井３８８,3213304,2020-12-22 00:00:00,,090610,
B109210002429,B1(小学校),09(栃木),2(公),1(本),芳賀町立芳賀北小学校,栃木県芳賀郡芳賀町芳志戸１０３０,3213305,2020-12-22 00:00:00,,090611,
B109210002438,B1(小学校),09(栃木),2(公),1(本),芳賀町立芳賀南小学校,栃木県芳賀郡芳賀町西水沼４１,3213324,2020-12-22 00:00:00,,090612,
B109210002447,B1(小学校),09(栃木),2(公),1(本),壬生町立壬生小学校,栃木県下都賀郡壬生町本丸２－３－７,3210225,2020-12-22 00:00:00,,090621,
B109210002456,B1(小学校),09(栃木),2(公),1(本),壬生町立藤井小学校,栃木県下都賀郡壬生町藤井１２６７,3210221,2020-12-22 00:00:00,,090622,
B109210002465,B1(小学校),09(栃木),2(公),1(本),壬生町立壬生東小学校,栃木県下都賀郡壬生町落合３－５－２１,3210218,2020-12-22 00:00:00,,090623,
B109210002474,B1(小学校),09(栃木),2(公),1(本),壬生町立稲葉小学校,栃木県下都賀郡壬生町上稲葉８８１,3280236,2020-12-22 00:00:00,,090624,
B109210002483,B1(小学校),09(栃木),2(公),1(本),壬生町立羽生田小学校,栃木県下都賀郡壬生町羽生田２１３９－１,3210234,2020-12-22 00:00:00,,090625,
B109210002492,B1(小学校),09(栃木),2(公),1(本),壬生町立壬生北小学校,栃木県下都賀郡壬生町北小林１９０,3210207,2020-12-22 00:00:00,,090626,
B109210002508,B1(小学校),09(栃木),2(公),1(本),壬生町立安塚小学校,栃木県下都賀郡壬生町大字安塚２０７８,3210201,2020-12-22 00:00:00,,090627,
B109210002517,B1(小学校),09(栃木),2(公),1(本),壬生町立睦小学校,栃木県下都賀郡壬生町壬生丁２３０－１,3210216,2020-12-22 00:00:00,,090628,
B109210002526,B1(小学校),09(栃木),2(公),1(本),下野市立石橋小学校,栃木県下野市花の木１－４,3290518,2020-12-22 00:00:00,,090641,
B109210002535,B1(小学校),09(栃木),2(公),1(本),下野市立細谷小学校,栃木県下野市細谷６９３,3290505,2020-12-22 00:00:00,,090644,
B109210002544,B1(小学校),09(栃木),2(公),1(本),下野市立古山小学校,栃木県下野市下古山６１２,3290502,2020-12-22 00:00:00,,090645,
B109210002553,B1(小学校),09(栃木),2(公),1(本),下野市立石橋北小学校,栃木県下野市上古山１９３２,3290501,2020-12-22 00:00:00,,090646,
B109210002562,B1(小学校),09(栃木),2(公),1(本),下野市立国分寺小学校,栃木県下野市小金井４－２－３,3290414,2020-12-22 00:00:00,,090651,
B109210002571,B1(小学校),09(栃木),2(公),1(本),下野市立国分寺東小学校,栃木県下野市柴８９７－１,3290412,2020-12-22 00:00:00,,090653,
B109210002580,B1(小学校),09(栃木),2(公),1(本),野木町立友沼小学校,栃木県下都賀郡野木町大字友沼９１６番地,3290101,2020-12-22 00:00:00,,090661,
B109210002599,B1(小学校),09(栃木),2(公),1(本),野木町立野木小学校,栃木県下都賀郡野木町野木２４５０－１,3290114,2020-12-22 00:00:00,,090662,
B109210002606,B1(小学校),09(栃木),2(公),1(本),野木町立佐川野小学校,栃木県下都賀郡野木町佐川野１８０８,3290104,2020-12-22 00:00:00,,090663,
B109210002615,B1(小学校),09(栃木),2(公),1(本),野木町立南赤塚小学校,栃木県下都賀郡野木町大字中谷５０８番地,3290113,2020-12-22 00:00:00,,090664,
B109210002624,B1(小学校),09(栃木),2(公),1(本),野木町立新橋小学校,栃木県下都賀郡野木町友沼５１１０－２,3290101,2020-12-22 00:00:00,,090665,
B109210002633,B1(小学校),09(栃木),2(公),1(本),栃木市立大平東小学校,栃木県栃木市大平町上高島８０９,3294413,2020-12-22 00:00:00,,090671,
B109210002642,B1(小学校),09(栃木),2(公),1(本),栃木市立大平南小学校,栃木県栃木市大平町西水代１７３２,3294423,2020-12-22 00:00:00,,090672,
B109210002651,B1(小学校),09(栃木),2(公),1(本),栃木市立大平西小学校,栃木県栃木市大平町富田１８６９,3294404,2020-12-22 00:00:00,,090673,
B109210002660,B1(小学校),09(栃木),2(公),1(本),栃木市立大平中央小学校,栃木県栃木市大平町新１３５４－２,3294425,2020-12-22 00:00:00,,090674,
B109210002679,B1(小学校),09(栃木),2(公),1(本),栃木市立藤岡小学校,栃木県栃木市藤岡町藤岡１５００,3231104,2020-12-22 00:00:00,,090681,
B109210002688,B1(小学校),09(栃木),2(公),1(本),栃木市立部屋小学校,栃木県栃木市藤岡町部屋１５８,3290315,2020-12-22 00:00:00,,090682,
B109210002697,B1(小学校),09(栃木),2(公),1(本),栃木市立赤麻小学校,栃木県栃木市藤岡町大字赤麻１７０３,3231102,2020-12-22 00:00:00,,090683,
B109210002704,B1(小学校),09(栃木),2(公),1(本),栃木市立三鴨小学校,栃木県栃木市藤岡町大字甲２７５－１,3231105,2020-12-22 00:00:00,,090684,
B109210002713,B1(小学校),09(栃木),2(公),1(本),栃木市立岩舟小学校,栃木県栃木市岩舟町静１４００－１,3294307,2020-12-22 00:00:00,,090691,
B109210002722,B1(小学校),09(栃木),2(公),1(本),栃木市立静和小学校,栃木県栃木市岩舟町静和２４３２,3294304,2020-12-22 00:00:00,,090692,
B109210002731,B1(小学校),09(栃木),2(公),1(本),栃木市立合戦場小学校,栃木県栃木市都賀町合戦場３０１,3280113,2020-12-22 00:00:00,,090701,
B109210002740,B1(小学校),09(栃木),2(公),1(本),栃木市立家中小学校,栃木県栃木市都賀町大字家中２７４０,3280111,2020-12-22 00:00:00,,090702,
B109210002759,B1(小学校),09(栃木),2(公),1(本),栃木市立赤津小学校,栃木県栃木市都賀町富張１４７,3280102,2020-12-22 00:00:00,,090706,
B109210002768,B1(小学校),09(栃木),2(公),1(本),那須塩原市立関谷小学校,栃木県那須塩原市関谷２０１８－１,3292801,2020-12-22 00:00:00,,090711,
B109210002777,B1(小学校),09(栃木),2(公),1(本),那須塩原市立大貫小学校,栃木県那須塩原市上大貫２０７７－２,3292814,2020-12-22 00:00:00,,090713,
B109210002786,B1(小学校),09(栃木),2(公),1(本),那須塩原市立横林小学校,栃木県那須塩原市横林１３７－５,3292806,2020-12-22 00:00:00,,090714,
B109210002795,B1(小学校),09(栃木),2(公),1(本),日光市立湯西川小学校,栃木県日光市湯西川６４３,3212601,2020-12-22 00:00:00,,090733,
B109210002802,B1(小学校),09(栃木),2(公),1(本),日光市立栗山小学校,栃木県日光市日蔭５７０,3212712,2020-12-22 00:00:00,,090736,
B109210002811,B1(小学校),09(栃木),2(公),1(本),日光市立鬼怒川小学校,栃木県日光市藤原１９,3212521,2020-12-22 00:00:00,,090751,
B109210002820,B1(小学校),09(栃木),2(公),1(本),日光市立下原小学校,栃木県日光市鬼怒川温泉大原２,3212522,2020-12-22 00:00:00,,090752,
B109210002839,B1(小学校),09(栃木),2(公),1(本),日光市立三依小学校,栃木県日光市芹沢２０,3212803,2020-12-22 00:00:00,,090754,
B109210002848,B1(小学校),09(栃木),2(公),1(本),塩谷町立船生小学校,栃木県塩谷郡塩谷町船生３６６０番地,3292441,2020-12-22 00:00:00,,090771,
B109210002857,B1(小学校),09(栃木),2(公),1(本),塩谷町立玉生小学校,栃木県塩谷郡塩谷町玉生３９５,3292221,2020-12-22 00:00:00,,090774,
B109210002866,B1(小学校),09(栃木),2(公),1(本),塩谷町立大宮小学校,栃木県塩谷郡塩谷町大字大宮２１６６,3292332,2020-12-22 00:00:00,,090776,
B109210002875,B1(小学校),09(栃木),2(公),1(本),さくら市立氏家小学校,栃木県さくら市氏家２４９１番地,3291311,2020-12-22 00:00:00,,090791,
B109210002884,B1(小学校),09(栃木),2(公),1(本),さくら市立押上小学校,栃木県さくら市長久保８１４,3291333,2020-12-22 00:00:00,,090792,
B109210002893,B1(小学校),09(栃木),2(公),1(本),さくら市立熟田小学校,栃木県さくら市狭間田１７０２,3291305,2020-12-22 00:00:00,,090793,
B109210002900,B1(小学校),09(栃木),2(公),1(本),さくら市立上松山小学校,栃木県さくら市氏家３４９６,3291311,2020-12-22 00:00:00,,090794,
B109210002919,B1(小学校),09(栃木),2(公),1(本),さくら市立南小学校,栃木県さくら市氏家１０６１－３,3291311,2020-12-22 00:00:00,,090796,
B109210002928,B1(小学校),09(栃木),2(公),1(本),さくら市立喜連川小学校,栃木県さくら市喜連川３９１１,3291412,2020-12-22 00:00:00,,090797,
B109210002937,B1(小学校),09(栃木),2(公),1(本),高根沢町立阿久津小学校,栃木県塩谷郡高根沢町宝積寺１１７８,3291233,2020-12-22 00:00:00,,090801,
B109210002946,B1(小学校),09(栃木),2(公),1(本),高根沢町立上高根沢小学校,栃木県塩谷郡高根沢町上高根沢２０８０,3291224,2020-12-22 00:00:00,,090805,
B109210002955,B1(小学校),09(栃木),2(公),1(本),高根沢町立北小学校,栃木県塩谷郡高根沢町飯室８７６,3291205,2020-12-22 00:00:00,,090810,
B109210002964,B1(小学校),09(栃木),2(公),1(本),高根沢町立東小学校,栃木県塩谷郡高根沢町太田７１５,3291217,2020-12-22 00:00:00,,090811,
B109210002973,B1(小学校),09(栃木),2(公),1(本),高根沢町立中央小学校,栃木県塩谷郡高根沢町石末２２４７－１,3291225,2020-12-22 00:00:00,,090812,
B109210002982,B1(小学校),09(栃木),2(公),1(本),高根沢町立西小学校,栃木県塩谷郡高根沢町光陽台三丁目２－３,3291232,2020-12-22 00:00:00,,090813,
B109210002991,B1(小学校),09(栃木),2(公),1(本),那須烏山市立荒川小学校,栃木県那須烏山市大金１３５－１,3210522,2020-12-22 00:00:00,,090841,
B109210003008,B1(小学校),09(栃木),2(公),1(本),那須烏山市立江川小学校,栃木県那須烏山市下川井１００１,3210504,2020-12-22 00:00:00,,090842,
B109210003017,B1(小学校),09(栃木),2(公),1(本),那須烏山市立境小学校,栃木県那須烏山市上境１４０４,3210617,2020-12-22 00:00:00,,090843,
B109210003026,B1(小学校),09(栃木),2(公),1(本),那須烏山市立烏山小学校,栃木県那須烏山市愛宕台２８００,3210629,2020-12-22 00:00:00,,090857,
B109210003035,B1(小学校),09(栃木),2(公),1(本),那須烏山市立七合小学校,栃木県那須烏山市谷浅見９１０番地,3210603,2020-12-22 00:00:00,,090862,
B109210003044,B1(小学校),09(栃木),2(公),1(本),那珂川町立馬頭小学校,栃木県那須郡那珂川町馬頭１６９,3240613,2020-12-22 00:00:00,,090873,
B109210003053,B1(小学校),09(栃木),2(公),1(本),那珂川町立馬頭東小学校,栃木県那須郡那珂川町大内１６４０,3240605,2020-12-22 00:00:00,,090887,
B109210003062,B1(小学校),09(栃木),2(公),1(本),那珂川町立小川小学校,栃木県那須郡那珂川町小川２８４６,3240501,2020-12-22 00:00:00,,090891,
B109210003071,B1(小学校),09(栃木),2(公),1(本),大田原市立佐良土小学校,栃木県大田原市佐良土９０１－３,3240404,2020-12-22 00:00:00,,090901,
B109210003080,B1(小学校),09(栃木),2(公),1(本),大田原市立湯津上小学校,栃木県大田原市湯津上１１５６番地,3240403,2020-12-22 00:00:00,,090902,
B109210003099,B1(小学校),09(栃木),2(公),1(本),大田原市立蛭田小学校,栃木県大田原市蛭田１７２０,3240412,2020-12-22 00:00:00,,090903,
B109210003106,B1(小学校),09(栃木),2(公),1(本),大田原市立両郷中央小学校,栃木県大田原市中野内８０９,3240206,2020-12-22 00:00:00,,090920,
B109210003115,B1(小学校),09(栃木),2(公),1(本),大田原市立須賀川小学校,栃木県大田原市須佐木２８,3240212,2020-12-22 00:00:00,,090923,
B109210003124,B1(小学校),09(栃木),2(公),1(本),那須町立高久小学校,栃木県那須郡那須町大字高久甲３３５８－３,3250001,2020-12-22 00:00:00,,090938,
B109210003133,B1(小学校),09(栃木),2(公),1(本),那須塩原市立黒磯小学校,栃木県那須塩原市豊町２－１,3250051,2020-12-22 00:00:00,,090961,
B109210003142,B1(小学校),09(栃木),2(公),1(本),那須塩原市立埼玉小学校,栃木県那須塩原市埼玉９９,3250033,2020-12-22 00:00:00,,090963,
B109210003151,B1(小学校),09(栃木),2(公),1(本),那須塩原市立鍋掛小学校,栃木県那須塩原市鍋掛１０１９番地,3250013,2020-12-22 00:00:00,,090964,
B109210003160,B1(小学校),09(栃木),2(公),1(本),那須塩原市立大原間小学校,栃木県那須塩原市方京３－１４－６,3293156,2020-12-22 00:00:00,,090966,
B109210003179,B1(小学校),09(栃木),2(公),1(本),那須塩原市立波立小学校,栃木県那須塩原市波立２２８,3293124,2020-12-22 00:00:00,,090967,
B109210003188,B1(小学校),09(栃木),2(公),1(本),那須塩原市立高林小学校,栃木県那須塩原市高林４８３,3250107,2020-12-22 00:00:00,,090968,
B109210003197,B1(小学校),09(栃木),2(公),1(本),那須塩原市立青木小学校,栃木県那須塩原市青木１２,3250103,2020-12-22 00:00:00,,090972,
B109210003204,B1(小学校),09(栃木),2(公),1(本),那須塩原市立稲村小学校,栃木県那須塩原市埼玉８番地,3250033,2020-12-22 00:00:00,,090973,
B109210003213,B1(小学校),09(栃木),2(公),1(本),那須塩原市立豊浦小学校,栃木県那須塩原市豊浦１７,3250023,2020-12-22 00:00:00,,090975,
B109210003222,B1(小学校),09(栃木),2(公),1(本),那須塩原市立共英小学校,栃木県那須塩原市共墾社９９－１,3250027,2020-12-22 00:00:00,,090976,
B109210003231,B1(小学校),09(栃木),2(公),1(本),那須塩原市立東原小学校,栃木県那須塩原市東原４,3250034,2020-12-22 00:00:00,,090977,
B109210003240,B1(小学校),09(栃木),2(公),1(本),那須塩原市立三島小学校,栃木県那須塩原市三島１－２１,3292752,2020-12-22 00:00:00,,090991,
B109210003259,B1(小学校),09(栃木),2(公),1(本),那須塩原市立槻沢小学校,栃木県那須塩原市槻沢１,3292703,2020-12-22 00:00:00,,090992,
B109210003268,B1(小学校),09(栃木),2(公),1(本),那須塩原市立東小学校,栃木県那須塩原市太夫塚１－１９３,3292735,2020-12-22 00:00:00,,090993,
B109210003277,B1(小学校),09(栃木),2(公),1(本),那須塩原市立南小学校,栃木県那須塩原市二区町３９９,3292733,2020-12-22 00:00:00,,090994,
B109210003286,B1(小学校),09(栃木),2(公),1(本),那須塩原市立西小学校,栃木県那須塩原市四区町６６２,3292746,2020-12-22 00:00:00,,090995,
B109210003295,B1(小学校),09(栃木),2(公),1(本),那須塩原市立大山小学校,栃木県那須塩原市下永田８－７,3292712,2020-12-22 00:00:00,,090996,
B109210003302,B1(小学校),09(栃木),2(公),1(本),佐野市立田沼小学校,栃木県佐野市田沼町６０３番地,3270317,2020-12-22 00:00:00,,091001,
B109210003311,B1(小学校),09(栃木),2(公),1(本),佐野市立吉水小学校,栃木県佐野市吉水町８３２,3270313,2020-12-22 00:00:00,,091002,
B109210003320,B1(小学校),09(栃木),2(公),1(本),佐野市立栃本小学校,栃木県佐野市栃本町１０３７,3270312,2020-12-22 00:00:00,,091003,
B109210003339,B1(小学校),09(栃木),2(公),1(本),佐野市立多田小学校,栃木県佐野市多田町９９８,3270311,2020-12-22 00:00:00,,091004,
B109210003348,B1(小学校),09(栃木),2(公),1(本),佐野市立葛生小学校,栃木県佐野市葛生西１－１２－１,3270507,2020-12-22 00:00:00,,091021,
B109210003357,B1(小学校),09(栃木),2(公),1(本),佐野市立葛生南小学校,栃木県佐野市中１１０４,3270504,2020-12-22 00:00:00,,091023,
B109210003366,B1(小学校),09(栃木),2(公),1(本),佐野市立常盤小学校,栃木県佐野市仙波町３３１－１,3270514,2020-12-22 00:00:00,,091024,
B109210003375,B1(小学校),09(栃木),2(公),1(本),佐野市立氷室小学校,栃木県佐野市水木町５１,3270516,2020-12-22 00:00:00,,091025,
B109210003384,B1(小学校),09(栃木),2(公),1(本),市貝町立小貝小学校,栃木県芳賀郡市貝町文谷１１８８,3213413,2020-12-22 00:00:00,,091026,
B109210003393,B1(小学校),09(栃木),2(公),1(本),大田原市立川西小学校,栃木県大田原市黒羽向町６１８番地,3240241,2020-12-22 00:00:00,,091027,
B109210003400,B1(小学校),09(栃木),2(公),1(本),大田原市立黒羽小学校,栃木県大田原市黒羽田町５２５番地,3240233,2020-12-22 00:00:00,,091028,
B109210003419,B1(小学校),09(栃木),2(公),1(本),栃木市立寺尾小学校,栃木県栃木市梅沢町１１３１－１,3280204,2020-12-22 00:00:00,,091029,
B109210003428,B1(小学校),09(栃木),2(公),1(本),那須町立田代友愛小学校,栃木県那須郡那須町大字高久乙１９６－３,3250303,2020-12-22 00:00:00,,091030,
B109210003437,B1(小学校),09(栃木),2(公),1(本),那須町立那須高原小学校,栃木県那須郡那須町大字高久丙１４８２,3250302,2020-12-22 00:00:00,,091031,
B109210003446,B1(小学校),09(栃木),2(公),1(本),那須町立黒田原小学校,栃木県那須郡那須町大字寺子乙３９６８－１,3293215,2020-12-22 00:00:00,,091032,
B109210003455,B1(小学校),09(栃木),2(公),1(本),那須町立学びの森小学校,栃木県那須郡那須町大字大島１８番１,3293223,2020-12-22 00:00:00,,091033,
B109210003464,B1(小学校),09(栃木),2(公),1(本),那須町立東陽小学校,栃木県那須郡那須町大字芦野１００番地,3293443,2020-12-22 00:00:00,,091034,
B109210003473,B1(小学校),09(栃木),2(公),1(本),小山市立東城南小学校,栃木県小山市東城南３－９－５,3230829,2020-12-22 00:00:00,,091035,
B109210003482,B1(小学校),09(栃木),2(公),1(本),栃木市立小野寺小学校,栃木県栃木市岩舟町下岡６４６－５,3294312,2020-12-22 00:00:00,,091036,
B109210003491,B1(小学校),09(栃木),2(公),1(本),宇都宮市立ゆいの杜小学校,栃木県宇都宮市ゆいの杜３－１５－３０,3213226,2021-05-27 00:00:00,,091037,
B109210003507,B1(小学校),09(栃木),2(公),1(本),小山市立豊田小学校,栃木県小山市松沼４１６番地１,3230007,2022-05-01 00:00:00,,,
B109310000018,B1(小学校),09(栃木),3(私),1(本),作新学院小学部,栃木県宇都宮市一の沢１－１－４１,3208525,2020-12-22 00:00:00,,091051,
C109110000010,C1(中学校),09(栃木),1(国),1(本),宇都宮大学共同教育学部附属中学校,栃木県宇都宮市松原１－７－３８,3208538,2020-12-22 00:00:00,,093501,
C109210000018,C1(中学校),09(栃木),2(公),1(本),宇都宮市立一条中学校,栃木県宇都宮市京町９番２５号,3200842,2020-12-22 00:00:00,,093511,
C109210000027,C1(中学校),09(栃木),2(公),1(本),宇都宮市立陽北中学校,栃木県宇都宮市今泉町４７ー２,3210962,2020-12-22 00:00:00,,093512,
C109210000036,C1(中学校),09(栃木),2(公),1(本),宇都宮市立旭中学校,栃木県宇都宮市天神１－１－４２,3200816,2020-12-22 00:00:00,,093513,
C109210000045,C1(中学校),09(栃木),2(公),1(本),宇都宮市立陽南中学校,栃木県宇都宮市陽南２－４－５８,3200834,2020-12-22 00:00:00,,093514,
C109210000054,C1(中学校),09(栃木),2(公),1(本),宇都宮市立陽西中学校,栃木県宇都宮市陽西町１－１６,3200063,2020-12-22 00:00:00,,093515,
C109210000063,C1(中学校),09(栃木),2(公),1(本),宇都宮市立星が丘中学校,栃木県宇都宮市星が丘２－３－３１,3200038,2020-12-22 00:00:00,,093516,
C109210000072,C1(中学校),09(栃木),2(公),1(本),宇都宮市立陽東中学校,栃木県宇都宮市石井町２８００－４２,3210912,2020-12-22 00:00:00,,093517,
C109210000081,C1(中学校),09(栃木),2(公),1(本),宇都宮市立泉が丘中学校,栃木県宇都宮市泉が丘４丁目１１番４０号,3210952,2020-12-22 00:00:00,,093518,
C109210000090,C1(中学校),09(栃木),2(公),1(本),宇都宮市立宮の原中学校,栃木県宇都宮市鶴田町２６１ー３,3200851,2020-12-22 00:00:00,,093519,
C109210000107,C1(中学校),09(栃木),2(公),1(本),宇都宮市立清原中学校,栃木県宇都宮市鐺山町２３１,3213235,2020-12-22 00:00:00,,093520,
C109210000116,C1(中学校),09(栃木),2(公),1(本),宇都宮市立横川中学校,栃木県宇都宮市屋板町１４３,3210112,2020-12-22 00:00:00,,093521,
C109210000125,C1(中学校),09(栃木),2(公),1(本),宇都宮市立瑞穂野中学校,栃木県宇都宮市下桑島町１０７８,3210914,2020-12-22 00:00:00,,093522,
C109210000134,C1(中学校),09(栃木),2(公),1(本),宇都宮市立豊郷中学校,栃木県宇都宮市関堀町３５０,3210975,2020-12-22 00:00:00,,093523,
C109210000143,C1(中学校),09(栃木),2(公),1(本),宇都宮市立国本中学校,栃木県宇都宮市新里町丁１６０８―１９,3212118,2020-12-22 00:00:00,,093524,
C109210000152,C1(中学校),09(栃木),2(公),1(本),宇都宮市立城山中学校,栃木県宇都宮市大谷町１４２３,3210345,2020-12-22 00:00:00,,093525,
C109210000161,C1(中学校),09(栃木),2(公),1(本),宇都宮市立姿川中学校,栃木県宇都宮市西川田町１０３８,3210151,2020-12-22 00:00:00,,093528,
C109210000170,C1(中学校),09(栃木),2(公),1(本),宇都宮市立雀宮中学校,栃木県宇都宮市雀の宮７－２８－１６,3210132,2020-12-22 00:00:00,,093529,
C109210000189,C1(中学校),09(栃木),2(公),1(本),宇都宮市立晃陽中学校,栃木県宇都宮市徳次郎町１９６４番地,3212116,2020-12-22 00:00:00,,093530,
C109210000198,C1(中学校),09(栃木),2(公),1(本),宇都宮市立鬼怒中学校,栃木県宇都宮市平出町３７６４番地１０,3210901,2020-12-22 00:00:00,,093531,
C109210000205,C1(中学校),09(栃木),2(公),1(本),宇都宮市立宝木中学校,栃木県宇都宮市細谷町６０４,3200074,2020-12-22 00:00:00,,093532,
C109210000214,C1(中学校),09(栃木),2(公),1(本),宇都宮市立若松原中学校,栃木県宇都宮市若松原３丁目１９番２７号,3210139,2020-12-22 00:00:00,,093533,
C109210000223,C1(中学校),09(栃木),2(公),1(本),足利市立第一中学校,栃木県足利市西宮町３０４５,3260817,2020-12-22 00:00:00,,093541,
C109210000232,C1(中学校),09(栃木),2(公),1(本),足利市立第二中学校,栃木県足利市本城１－１４７２,3260808,2020-12-22 00:00:00,,093542,
C109210000241,C1(中学校),09(栃木),2(公),1(本),足利市立第三中学校,栃木県足利市常盤町６７,3260026,2020-12-22 00:00:00,,093543,
C109210000250,C1(中学校),09(栃木),2(公),1(本),足利市立毛野中学校,栃木県足利市八椚町２７,3260015,2020-12-22 00:00:00,,093544,
C109210000269,C1(中学校),09(栃木),2(公),1(本),足利市立山辺中学校,栃木県足利市西新井町３１５７,3260837,2020-12-22 00:00:00,,093545,
C109210000278,C1(中学校),09(栃木),2(公),1(本),足利市立西中学校,栃木県足利市山下町２５３９,3260846,2020-12-22 00:00:00,,093546,
C109210000287,C1(中学校),09(栃木),2(公),1(本),足利市立富田中学校,栃木県足利市駒場町３５９,3294217,2020-12-22 00:00:00,,093549,
C109210000296,C1(中学校),09(栃木),2(公),1(本),足利市立協和中学校,栃木県足利市百頭町１６０,3260336,2020-12-22 00:00:00,,093550,
C109210000303,C1(中学校),09(栃木),2(公),1(本),足利市立愛宕台中学校,栃木県足利市高松町４３３,3260325,2020-12-22 00:00:00,,093551,
C109210000312,C1(中学校),09(栃木),2(公),1(本),足利市立坂西中学校,栃木県足利市葉鹿町１４９８,3260143,2020-12-22 00:00:00,,093552,
C109210000321,C1(中学校),09(栃木),2(公),1(本),足利市立北中学校,栃木県足利市菅田町１００,3260007,2020-12-22 00:00:00,,093553,
C109210000330,C1(中学校),09(栃木),2(公),1(本),栃木市立栃木東中学校,栃木県栃木市日ノ出町１番１１号,3280031,2020-12-22 00:00:00,,093561,
C109210000349,C1(中学校),09(栃木),2(公),1(本),栃木市立栃木西中学校,栃木県栃木市片柳町２－１５－４０,3280053,2020-12-22 00:00:00,,093562,
C109210000358,C1(中学校),09(栃木),2(公),1(本),栃木市立栃木南中学校,栃木県栃木市本町５番５号,3280034,2020-12-22 00:00:00,,093563,
C109210000367,C1(中学校),09(栃木),2(公),1(本),栃木市立皆川中学校,栃木県栃木市皆川城内町１８５６,3280067,2020-12-22 00:00:00,,093565,
C109210000376,C1(中学校),09(栃木),2(公),1(本),栃木市立吹上中学校,栃木県栃木市吹上町４３４－１,3280125,2020-12-22 00:00:00,,093566,
C109210000385,C1(中学校),09(栃木),2(公),1(本),栃木市立寺尾中学校,栃木県栃木市鍋山町８６－２,3280205,2020-12-22 00:00:00,,093567,
C109210000394,C1(中学校),09(栃木),2(公),1(本),栃木市立東陽中学校,栃木県栃木市大宮町１２８７－１,3280011,2020-12-22 00:00:00,,093569,
C109210000401,C1(中学校),09(栃木),2(公),1(本),佐野市立城東中学校,栃木県佐野市若松町４０５,3270846,2020-12-22 00:00:00,,093581,
C109210000410,C1(中学校),09(栃木),2(公),1(本),佐野市立西中学校,栃木県佐野市大橋町２０２６,3270003,2020-12-22 00:00:00,,093582,
C109210000429,C1(中学校),09(栃木),2(公),1(本),佐野市立南中学校,栃木県佐野市植下町１２０５,3270835,2020-12-22 00:00:00,,093583,
C109210000438,C1(中学校),09(栃木),2(公),1(本),佐野市立北中学校,栃木県佐野市富岡町９３,3270844,2020-12-22 00:00:00,,093584,
C109210000447,C1(中学校),09(栃木),2(公),1(本),佐野市立赤見中学校,栃木県佐野市出流原町６２８－１,3270102,2020-12-22 00:00:00,,093586,
C109210000456,C1(中学校),09(栃木),2(公),1(本),鹿沼市立東中学校,栃木県鹿沼市府中町３９３,3220034,2020-12-22 00:00:00,,093601,
C109210000465,C1(中学校),09(栃木),2(公),1(本),鹿沼市立西中学校,栃木県鹿沼市日吉町５２７,3220074,2020-12-22 00:00:00,,093602,
C109210000474,C1(中学校),09(栃木),2(公),1(本),鹿沼市立北中学校,栃木県鹿沼市武子７０８,3220007,2020-12-22 00:00:00,,093603,
C109210000483,C1(中学校),09(栃木),2(公),1(本),鹿沼市立北犬飼中学校,栃木県鹿沼市上石川１５７３,3220015,2020-12-22 00:00:00,,093604,
C109210000492,C1(中学校),09(栃木),2(公),1(本),鹿沼市立北押原中学校,栃木県鹿沼市樅山町２９７,3220046,2020-12-22 00:00:00,,093605,
C109210000508,C1(中学校),09(栃木),2(公),1(本),鹿沼市立加蘇中学校,栃木県鹿沼市加園１８４１,3220252,2020-12-22 00:00:00,,093606,
C109210000517,C1(中学校),09(栃木),2(公),1(本),鹿沼市立板荷中学校,栃木県鹿沼市板荷２６７５,3211111,2020-12-22 00:00:00,,093609,
C109210000526,C1(中学校),09(栃木),2(公),1(本),鹿沼市立南摩中学校,栃木県鹿沼市西沢町１４１４,3220344,2020-12-22 00:00:00,,093610,
C109210000535,C1(中学校),09(栃木),2(公),1(本),鹿沼市立南押原中学校,栃木県鹿沼市磯町１０８５,3220536,2020-12-22 00:00:00,,093611,
C109210000544,C1(中学校),09(栃木),2(公),1(本),日光市立日光中学校,栃木県日光市久次良町２０９６－１,3211436,2020-12-22 00:00:00,,093621,
C109210000553,C1(中学校),09(栃木),2(公),1(本),日光市立中宮祠中学校,栃木県日光市中宮祠２４７８,3211661,2020-12-22 00:00:00,,093622,
C109210000562,C1(中学校),09(栃木),2(公),1(本),日光市立東中学校,栃木県日光市七里１０２０,3211423,2020-12-22 00:00:00,,093623,
C109210000571,C1(中学校),09(栃木),2(公),1(本),日光市立小来川中学校,栃木県日光市中小来川２８１７,3211354,2020-12-22 00:00:00,,093624,
C109210000580,C1(中学校),09(栃木),2(公),1(本),日光市立今市中学校,栃木県日光市今市１６５９,3211261,2020-12-22 00:00:00,,093631,
C109210000599,C1(中学校),09(栃木),2(公),1(本),日光市立落合中学校,栃木県日光市小代３１０,3211107,2020-12-22 00:00:00,,093632,
C109210000606,C1(中学校),09(栃木),2(公),1(本),日光市立豊岡中学校,栃木県日光市芹沼１９５８,3212405,2020-12-22 00:00:00,,093633,
C109210000615,C1(中学校),09(栃木),2(公),1(本),日光市立大沢中学校,栃木県日光市大沢町９７,3212341,2020-12-22 00:00:00,,093634,
C109210000624,C1(中学校),09(栃木),2(公),1(本),日光市立小林中学校,栃木県日光市小林２３８４,3212352,2020-12-22 00:00:00,,093635,
C109210000633,C1(中学校),09(栃木),2(公),1(本),日光市立東原中学校,栃木県日光市平ヶ崎７７５－１,3211262,2020-12-22 00:00:00,,093636,
C109210000642,C1(中学校),09(栃木),2(公),1(本),小山市立小山中学校,栃木県小山市渋井７７９－１,3230005,2020-12-22 00:00:00,,093641,
C109210000651,C1(中学校),09(栃木),2(公),1(本),小山市立小山第二中学校,栃木県小山市天神町１－６－３６,3230032,2020-12-22 00:00:00,,093642,
C109210000660,C1(中学校),09(栃木),2(公),1(本),小山市立大谷中学校,栃木県小山市横倉新田９７,3230819,2020-12-22 00:00:00,,093643,
C109210000679,C1(中学校),09(栃木),2(公),1(本),小山市立間々田中学校,栃木県小山市間々田２３６４,3290205,2020-12-22 00:00:00,,093644,
C109210000688,C1(中学校),09(栃木),2(公),1(本),小山市立豊田中学校,栃木県小山市松沼３９７,3230007,2020-12-22 00:00:00,,093645,
C109210000697,C1(中学校),09(栃木),2(公),1(本),小山市立美田中学校,栃木県小山市下国府塚２８７番地,3230063,2020-12-22 00:00:00,,093646,
C109210000704,C1(中学校),09(栃木),2(公),1(本),小山市立桑中学校,栃木県小山市大字出井１８５９,3230808,2020-12-22 00:00:00,,093647,
C109210000713,C1(中学校),09(栃木),2(公),1(本),小山市立小山第三中学校,栃木県小山市犬塚３－２９－１,3230811,2020-12-22 00:00:00,,093649,
C109210000722,C1(中学校),09(栃木),2(公),1(本),小山市立小山城南中学校,栃木県小山市東城南１－２２－９,3230829,2020-12-22 00:00:00,,093650,
C109210000731,C1(中学校),09(栃木),2(公),1(本),小山市立乙女中学校,栃木県小山市乙女１７３１,3290214,2020-12-22 00:00:00,,093651,
C109210000740,C1(中学校),09(栃木),2(公),1(本),真岡市立真岡中学校,栃木県真岡市並木町３－１２０,3214361,2020-12-22 00:00:00,,093661,
C109210000759,C1(中学校),09(栃木),2(公),1(本),真岡市立大内中学校,栃木県真岡市飯貝１１５９,3214405,2020-12-22 00:00:00,,093662,
C109210000768,C1(中学校),09(栃木),2(公),1(本),真岡市立山前中学校,栃木県真岡市小林７８４,3214321,2020-12-22 00:00:00,,093663,
C109210000777,C1(中学校),09(栃木),2(公),1(本),真岡市立中村中学校,栃木県真岡市中２０３,3214351,2020-12-22 00:00:00,,093664,
C109210000786,C1(中学校),09(栃木),2(公),1(本),真岡市立真岡東中学校,栃木県真岡市田町１２５６－１８,3214325,2020-12-22 00:00:00,,093665,
C109210000795,C1(中学校),09(栃木),2(公),1(本),真岡市立真岡西中学校,栃木県真岡市西高間木５３１,3214336,2020-12-22 00:00:00,,093666,
C109210000802,C1(中学校),09(栃木),2(公),1(本),大田原市立大田原中学校,栃木県大田原市美原１－１４－２,3240047,2020-12-22 00:00:00,,093671,
C109210000811,C1(中学校),09(栃木),2(公),1(本),大田原市立親園中学校,栃木県大田原市花園１－８７,3240023,2020-12-22 00:00:00,,093672,
C109210000820,C1(中学校),09(栃木),2(公),1(本),大田原市立金田北中学校,栃木県大田原市市野沢２０６７,3240006,2020-12-22 00:00:00,,093673,
C109210000839,C1(中学校),09(栃木),2(公),1(本),大田原市立金田南中学校,栃木県大田原市南金丸１８７０－４,3240012,2020-12-22 00:00:00,,093674,
C109210000848,C1(中学校),09(栃木),2(公),1(本),大田原市立野崎中学校,栃木県大田原市薄葉２２５０,3240035,2020-12-22 00:00:00,,093675,
C109210000857,C1(中学校),09(栃木),2(公),1(本),大田原市立若草中学校,栃木県大田原市若草２－１２３４,3240021,2020-12-22 00:00:00,,093677,
C109210000866,C1(中学校),09(栃木),2(公),2(分),大田原市立金田南中学校北金丸分校,栃木県大田原市北金丸２６００－１１,3240011,2020-12-22 00:00:00,,093678,
C109210000875,C1(中学校),09(栃木),2(公),1(本),矢板市立矢板中学校,栃木県矢板市上町２０－７,3292123,2020-12-22 00:00:00,,093691,
C109210000884,C1(中学校),09(栃木),2(公),1(本),矢板市立泉中学校,栃木県矢板市泉５２６,3292504,2020-12-22 00:00:00,,093692,
C109210000893,C1(中学校),09(栃木),2(公),1(本),矢板市立片岡中学校,栃木県矢板市片岡２１３９,3291571,2020-12-22 00:00:00,,093694,
C109210000900,C1(中学校),09(栃木),2(公),2(分),矢板市立矢板中学校沢分校,栃木県矢板市沢８００,3292132,2020-12-22 00:00:00,,093695,
C109210000919,C1(中学校),09(栃木),2(公),1(本),上三川町立本郷中学校,栃木県河内郡上三川町東汗５２０番地,3290602,2020-12-22 00:00:00,,093701,
C109210000928,C1(中学校),09(栃木),2(公),1(本),上三川町立上三川中学校,栃木県河内郡上三川町上三川４２７９,3290611,2020-12-22 00:00:00,,093702,
C109210000937,C1(中学校),09(栃木),2(公),1(本),上三川町立明治中学校,栃木県河内郡上三川町大山２５,3290525,2020-12-22 00:00:00,,093703,
C109210000955,C1(中学校),09(栃木),2(公),1(本),下野市立南河内第二中学校,栃木県下野市祇園４－１６－３,3290434,2020-12-22 00:00:00,,093712,
C109210000964,C1(中学校),09(栃木),2(公),1(本),宇都宮市立上河内中学校,栃木県宇都宮市中里町１６２,3210414,2020-12-22 00:00:00,,093721,
C109210000973,C1(中学校),09(栃木),2(公),1(本),宇都宮市立古里中学校,栃木県宇都宮市中岡本町３１３０,3291105,2020-12-22 00:00:00,,093731,
C109210000982,C1(中学校),09(栃木),2(公),1(本),宇都宮市立田原中学校,栃木県宇都宮市下田原１７２２,3291115,2020-12-22 00:00:00,,093732,
C109210000991,C1(中学校),09(栃木),2(公),1(本),宇都宮市立河内中学校,栃木県宇都宮市中岡本町３７４３,3291105,2020-12-22 00:00:00,,093733,
C109210001008,C1(中学校),09(栃木),2(公),1(本),栃木市立西方中学校,栃木県栃木市西方町元９０８－１,3220604,2020-12-22 00:00:00,,093741,
C109210001017,C1(中学校),09(栃木),2(公),1(本),鹿沼市立粟野中学校,栃木県鹿沼市口粟野１１６０,3220305,2020-12-22 00:00:00,,093756,
C109210001026,C1(中学校),09(栃木),2(公),1(本),日光市立足尾中学校,栃木県日光市足尾町向原７－１,3211513,2020-12-22 00:00:00,,093761,
C109210001035,C1(中学校),09(栃木),2(公),1(本),真岡市立長沼中学校,栃木県真岡市長沼７０６,3214539,2020-12-22 00:00:00,,093771,
C109210001044,C1(中学校),09(栃木),2(公),1(本),真岡市立久下田中学校,栃木県真岡市久下田１３０４,3214521,2020-12-22 00:00:00,,093772,
C109210001053,C1(中学校),09(栃木),2(公),1(本),真岡市立物部中学校,栃木県真岡市高田１８３８,3214511,2020-12-22 00:00:00,,093773,
C109210001062,C1(中学校),09(栃木),2(公),1(本),益子町立田野中学校,栃木県芳賀郡益子町長堤４０２,3214225,2020-12-22 00:00:00,,093781,
C109210001071,C1(中学校),09(栃木),2(公),1(本),益子町立益子中学校,栃木県芳賀郡益子町益子３６１８,3214217,2020-12-22 00:00:00,,093782,
C109210001080,C1(中学校),09(栃木),2(公),1(本),益子町立七井中学校,栃木県芳賀郡益子町七井３７１,3214106,2020-12-22 00:00:00,,093783,
C109210001099,C1(中学校),09(栃木),2(公),1(本),茂木町立茂木中学校,栃木県芳賀郡茂木町茂木７２,3213531,2020-12-22 00:00:00,,093792,
C109210001106,C1(中学校),09(栃木),2(公),1(本),市貝町立市貝中学校,栃木県芳賀郡市貝町市塙１８３,3213423,2020-12-22 00:00:00,,093803,
C109210001115,C1(中学校),09(栃木),2(公),1(本),芳賀町立芳賀中学校,栃木県芳賀郡芳賀町与能８５５－１,3213316,2020-12-22 00:00:00,,093814,
C109210001124,C1(中学校),09(栃木),2(公),1(本),壬生町立南犬飼中学校,栃木県下都賀郡壬生町北小林７４３,3210207,2020-12-22 00:00:00,,093823,
C109210001133,C1(中学校),09(栃木),2(公),1(本),壬生町立壬生中学校,栃木県下都賀郡壬生町壬生甲２７７０,3210214,2020-12-22 00:00:00,,093824,
C109210001142,C1(中学校),09(栃木),2(公),1(本),下野市立石橋中学校,栃木県下野市石橋１１３０,3290511,2020-12-22 00:00:00,,093831,
C109210001151,C1(中学校),09(栃木),2(公),1(本),下野市立国分寺中学校,栃木県下野市小金井４丁目１－８,3290414,2020-12-22 00:00:00,,093841,
C109210001160,C1(中学校),09(栃木),2(公),1(本),野木町立野木中学校,栃木県下都賀郡野木町潤島８００－１,3290102,2020-12-22 00:00:00,,093851,
C109210001179,C1(中学校),09(栃木),2(公),1(本),野木町立野木第二中学校,栃木県下都賀郡野木町野木４０４８,3290114,2020-12-22 00:00:00,,093852,
C109210001188,C1(中学校),09(栃木),2(公),1(本),栃木市立大平中学校,栃木県栃木市大平町蔵井２０２６－１,3294403,2020-12-22 00:00:00,,093861,
C109210001197,C1(中学校),09(栃木),2(公),1(本),栃木市立大平南中学校,栃木県栃木市大平町西野田８２５,3294421,2020-12-22 00:00:00,,093862,
C109210001222,C1(中学校),09(栃木),2(公),1(本),栃木市立岩舟中学校,栃木県栃木市岩舟町静３８９－１,3294307,2020-12-22 00:00:00,,093884,
C109210001231,C1(中学校),09(栃木),2(公),1(本),栃木市立都賀中学校,栃木県栃木市都賀町家中５８１８,3280111,2020-12-22 00:00:00,,093891,
C109210001240,C1(中学校),09(栃木),2(公),1(本),那須塩原市立箒根中学校,栃木県那須塩原市関谷１２５１番地,3292801,2020-12-22 00:00:00,,093901,
C109210001259,C1(中学校),09(栃木),2(公),1(本),日光市立湯西川中学校,栃木県日光市湯西川６４３,3212601,2020-12-22 00:00:00,,093913,
C109210001268,C1(中学校),09(栃木),2(公),1(本),日光市立栗山中学校,栃木県日光市日陰５７０番地,3212712,2020-12-22 00:00:00,,093916,
C109210001277,C1(中学校),09(栃木),2(公),1(本),日光市立藤原中学校,栃木県日光市鬼怒川温泉大原７９０,3212522,2020-12-22 00:00:00,,093921,
C109210001286,C1(中学校),09(栃木),2(公),1(本),日光市立三依中学校,栃木県日光市中三依８３５－１,3212803,2020-12-22 00:00:00,,093923,
C109210001295,C1(中学校),09(栃木),2(公),1(本),塩谷町立塩谷中学校,栃木県塩谷郡塩谷町飯岡１２４８,3292225,2020-12-22 00:00:00,,093934,
C109210001302,C1(中学校),09(栃木),2(公),1(本),さくら市立氏家中学校,栃木県さくら市氏家３２４３,3291311,2020-12-22 00:00:00,,093941,
C109210001311,C1(中学校),09(栃木),2(公),1(本),高根沢町立阿久津中学校,栃木県塩谷郡高根沢町中阿久津１４７０,3291234,2020-12-22 00:00:00,,093951,
C109210001320,C1(中学校),09(栃木),2(公),1(本),高根沢町立北高根沢中学校,栃木県塩谷郡高根沢町太田７５３,3291217,2020-12-22 00:00:00,,093952,
C109210001339,C1(中学校),09(栃木),2(公),1(本),さくら市立喜連川中学校,栃木県さくら市喜連川５６９１,3291412,2020-12-22 00:00:00,,093961,
C109210001348,C1(中学校),09(栃木),2(公),1(本),那須烏山市立烏山中学校,栃木県那須烏山市南１－２８１０,3210627,2020-12-22 00:00:00,,093982,
C109210001357,C1(中学校),09(栃木),2(公),1(本),那珂川町立馬頭中学校,栃木県那須郡那珂川町馬頭２５５８－１,3240613,2020-12-22 00:00:00,,093996,
C109210001366,C1(中学校),09(栃木),2(公),1(本),那珂川町立小川中学校,栃木県那須郡那珂川町小川３０３３,3240501,2020-12-22 00:00:00,,094001,
C109210001375,C1(中学校),09(栃木),2(公),1(本),大田原市立湯津上中学校,栃木県大田原市湯津上５－５７３,3240403,2020-12-22 00:00:00,,094011,
C109210001384,C1(中学校),09(栃木),2(公),1(本),大田原市立黒羽中学校,栃木県大田原市北野上３５９７－１,3240231,2020-12-22 00:00:00,,094025,
C109210001393,C1(中学校),09(栃木),2(公),1(本),那須塩原市立黒磯中学校,栃木県那須塩原市豊町５－３,3250051,2020-12-22 00:00:00,,094051,
C109210001400,C1(中学校),09(栃木),2(公),1(本),那須塩原市立東那須野中学校,栃木県那須塩原市島方６８９,3293152,2020-12-22 00:00:00,,094053,
C109210001419,C1(中学校),09(栃木),2(公),1(本),那須塩原市立高林中学校,栃木県那須塩原市箭坪３５３,3250108,2020-12-22 00:00:00,,094054,
C109210001428,C1(中学校),09(栃木),2(公),1(本),那須塩原市立日新中学校,栃木県那須塩原市鍋掛１０８７,3250013,2020-12-22 00:00:00,,094055,
C109210001437,C1(中学校),09(栃木),2(公),1(本),那須塩原市立厚崎中学校,栃木県那須塩原市上厚崎３８５,3250026,2020-12-22 00:00:00,,094056,
C109210001446,C1(中学校),09(栃木),2(公),1(本),那須塩原市立黒磯北中学校,栃木県那須塩原市埼玉６,3250033,2020-12-22 00:00:00,,094057,
C109210001455,C1(中学校),09(栃木),2(公),1(本),那須塩原市立三島中学校,栃木県那須塩原市東三島１－１０４,3292751,2020-12-22 00:00:00,,094061,
C109210001464,C1(中学校),09(栃木),2(公),1(本),那須塩原市立西那須野中学校,栃木県那須塩原市下永田４－３,3292712,2020-12-22 00:00:00,,094062,
C109210001473,C1(中学校),09(栃木),2(公),1(本),佐野市立田沼東中学校,栃木県佐野市栃本町２２８７,3270312,2020-12-22 00:00:00,,094071,
C109210001482,C1(中学校),09(栃木),2(公),1(本),佐野市立葛生中学校,栃木県佐野市葛生西三丁目４番１号,3270507,2020-12-22 00:00:00,,094091,
C109210001491,C1(中学校),09(栃木),2(公),1(本),佐野市立常盤中学校,栃木県佐野市豊代町２１６７,3270512,2020-12-22 00:00:00,,094092,
C109210001507,C1(中学校),09(栃木),2(公),1(本),那須烏山市立南那須中学校,栃木県那須烏山市大金２８５番地,3210522,2020-12-22 00:00:00,,094093,
C109210001516,C1(中学校),09(栃木),2(公),1(本),那須町立那須中学校,栃木県那須郡那須町高久丙１番地１,3250302,2020-12-22 00:00:00,,094094,
C109210001525,C1(中学校),09(栃木),2(公),1(本),栃木県立宇都宮東高等学校附属中学校,栃木県宇都宮市石井町３３６０－１,3210912,2020-12-22 00:00:00,,094511,
C109210001534,C1(中学校),09(栃木),2(公),1(本),栃木県立佐野高等学校附属中学校,栃木県佐野市天神町７６１－１,3270847,2020-12-22 00:00:00,,094512,
C109210001543,C1(中学校),09(栃木),2(公),1(本),栃木県立矢板東高等学校附属中学校,栃木県矢板市東町４－８,3292136,2020-12-22 00:00:00,,094513,
C109210001552,C1(中学校),09(栃木),2(公),1(本),那須町立那須中央中学校,栃木県那須郡那須町大字寺子丙９２番地,3293222,2020-12-22 00:00:00,,094514,
C109210001561,C1(中学校),09(栃木),2(公),1(本),栃木市立藤岡中学校,栃木県栃木市藤岡町藤岡１０番地,3231104,2022-05-01 00:00:00,,,
C109310000016,C1(中学校),09(栃木),3(私),1(本),作新学院中等部,栃木県宇都宮市一の沢１－１－４１,3208525,2020-12-22 00:00:00,,094121,
C109310000025,C1(中学校),09(栃木),3(私),1(本),白鴎大学足利中学校,栃木県足利市伊勢南町４－３,3260054,2020-12-22 00:00:00,,094122,
C109310000034,C1(中学校),09(栃木),3(私),1(本),宇都宮海星女子学院中学校,栃木県宇都宮市上籠谷町３７７６,3213233,2020-12-22 00:00:00,,094123,
C109310000043,C1(中学校),09(栃木),3(私),1(本),宇都宮短期大学附属中学校,栃木県宇都宮市睦町１－３５,3208585,2020-12-22 00:00:00,,094124,
C109310000052,C1(中学校),09(栃木),3(私),1(本),國學院大學栃木中学校,栃木県栃木市平井町６０８,3288588,2020-12-22 00:00:00,,094126,
C109310000061,C1(中学校),09(栃木),3(私),1(本),文星芸術大学附属中学校,栃木県宇都宮市睦町１－４,3200865,2020-12-22 00:00:00,,094128,
C109310000070,C1(中学校),09(栃木),3(私),1(本),幸福の科学学園中学校,栃木県那須郡那須町梁瀬４８７－１,3293434,2020-12-22 00:00:00,,094129,
C209210000017,C2(義務),09(栃木),2(公),1(本),小山市立絹義務教育学校,栃木県小山市大字福良２２４０番地の１,3230155,2020-12-22 00:00:00,,09C011,
C209210000026,C2(義務),09(栃木),2(公),1(本),那須塩原市立塩原小中学校,栃木県那須塩原市中塩原３６４番地,3292924,2020-12-22 00:00:00,,09C012,
C209210000035,C2(義務),09(栃木),2(公),1(本),佐野市立あそ野学園義務教育学校,栃木県佐野市戸室町１５６,3270306,2020-12-22 00:00:00,,09C013,
C209210000044,C2(義務),09(栃木),2(公),1(本),下野市立南河内小中学校,栃木県下野市薬師寺９８６番地,3290431,2022-05-01 00:00:00,,,
D109210000016,D1(高校),09(栃木),2(公),1(本),栃木県立宇都宮高等学校,栃木県宇都宮市滝の原３－５－７０,3200846,2020-12-22 00:00:00,,095511,
D109210000025,D1(高校),09(栃木),2(公),1(本),栃木県立宇都宮東高等学校,栃木県宇都宮市石井町３３６０－１,3210912,2020-12-22 00:00:00,,095512,
D109210000034,D1(高校),09(栃木),2(公),1(本),栃木県立宇都宮女子高等学校,栃木県宇都宮市操町５－１９,3200863,2020-12-22 00:00:00,,095513,
D109210000043,D1(高校),09(栃木),2(公),1(本),栃木県立宇都宮中央女子高等学校,栃木県宇都宮市若草２丁目２番４６号,3200072,2020-12-22 00:00:00,,095514,
D109210000052,D1(高校),09(栃木),2(公),1(本),栃木県立宇都宮白楊高等学校,栃木県宇都宮市元今泉８－２－１,3210954,2020-12-22 00:00:00,,095515,
D109210000061,D1(高校),09(栃木),2(公),1(本),栃木県立宇都宮工業高等学校,栃木県宇都宮市雀宮町５２番地,3210198,2020-12-22 00:00:00,,095517,
D109210000070,D1(高校),09(栃木),2(公),1(本),栃木県立宇都宮商業高等学校,栃木県宇都宮市大曽３丁目１番４６号,3200014,2020-12-22 00:00:00,,095518,
D109210000089,D1(高校),09(栃木),2(公),1(本),栃木県立宇都宮南高等学校,栃木県宇都宮市東谷町６６０－１,3210123,2020-12-22 00:00:00,,095519,
D109210000098,D1(高校),09(栃木),2(公),1(本),栃木県立宇都宮北高等学校,栃木県宇都宮市岩曽６０６番地,3210973,2020-12-22 00:00:00,,095520,
D109210000105,D1(高校),09(栃木),2(公),1(本),栃木県立鹿沼高等学校,栃木県鹿沼市万町９６０,3220043,2020-12-22 00:00:00,,095521,
D109210000114,D1(高校),09(栃木),2(公),1(本),栃木県立今市高等学校,栃木県日光市千本木４３２,3211277,2020-12-22 00:00:00,,095525,
D109210000123,D1(高校),09(栃木),2(公),1(本),栃木県立今市工業高等学校,栃木県日光市荊沢６１５,3212336,2020-12-22 00:00:00,,095526,
D109210000132,D1(高校),09(栃木),2(公),1(本),栃木県立鹿沼商工高等学校,栃木県鹿沼市花岡町１８０－１,3220049,2020-12-22 00:00:00,,095528,
D109210000141,D1(高校),09(栃木),2(公),1(本),栃木県立鹿沼東高等学校,栃木県鹿沼市千渡２０５０,3220002,2020-12-22 00:00:00,,095529,
D109210000150,D1(高校),09(栃木),2(公),1(本),栃木県立宇都宮清陵高等学校,栃木県宇都宮市竹下町９０８－３,3213236,2020-12-22 00:00:00,,095530,
D109210000169,D1(高校),09(栃木),2(公),1(本),栃木県立上三川高等学校,栃木県河内郡上三川町多功９９４－４,3290524,2020-12-22 00:00:00,,095533,
D109210000178,D1(高校),09(栃木),2(公),1(本),栃木県立小山西高等学校,栃木県小山市松沼７４１,3230007,2020-12-22 00:00:00,,095535,
D109210000187,D1(高校),09(栃木),2(公),1(本),栃木県立日光明峰高等学校,栃木県日光市久次良町１０４,3211436,2020-12-22 00:00:00,,095536,
D109210000196,D1(高校),09(栃木),2(公),1(本),栃木県立栃木翔南高等学校,栃木県栃木市大平町川連３７０,3294407,2020-12-22 00:00:00,,095537,
D109210000203,D1(高校),09(栃木),2(公),1(本),栃木県立鹿沼南高等学校,栃木県鹿沼市みなみ町８－７３,3220524,2020-12-22 00:00:00,,095538,
D109210000212,D1(高校),09(栃木),2(公),1(本),栃木県立石橋高等学校,栃木県下野市石橋８４５,3290511,2020-12-22 00:00:00,,095541,
D109210000221,D1(高校),09(栃木),2(公),1(本),栃木県立小山高等学校,栃木県小山市若木町２－８－５１,3230028,2020-12-22 00:00:00,,095542,
D109210000230,D1(高校),09(栃木),2(公),1(本),栃木県立小山城南高等学校,栃木県小山市西城南４－２６－１,3230820,2020-12-22 00:00:00,,095543,
D109210000249,D1(高校),09(栃木),2(公),1(本),栃木県立栃木高等学校,栃木県栃木市入舟町１２－４,3280016,2020-12-22 00:00:00,,095544,
D109210000258,D1(高校),09(栃木),2(公),1(本),栃木県立栃木女子高等学校,栃木県栃木市薗部町１－２－５,3280074,2020-12-22 00:00:00,,095545,
D109210000267,D1(高校),09(栃木),2(公),1(本),栃木県立栃木農業高等学校,栃木県栃木市平井町９１１,3280054,2020-12-22 00:00:00,,095546,
D109210000276,D1(高校),09(栃木),2(公),1(本),栃木県立栃木工業高等学校,栃木県栃木市岩出町１２９,3280063,2020-12-22 00:00:00,,095547,
D109210000285,D1(高校),09(栃木),2(公),1(本),栃木県立栃木商業高等学校,栃木県栃木市片柳町５－１－３０,3280053,2020-12-22 00:00:00,,095548,
D109210000294,D1(高校),09(栃木),2(公),1(本),栃木県立壬生高等学校,栃木県下都賀郡壬生町藤井１１９４,3210221,2020-12-22 00:00:00,,095549,
D109210000301,D1(高校),09(栃木),2(公),1(本),栃木県立小山北桜高等学校,栃木県小山市東山田４４８－２９,3230802,2020-12-22 00:00:00,,095550,
D109210000310,D1(高校),09(栃木),2(公),1(本),栃木県立佐野高等学校,栃木県佐野市天神町７６１－１,3270847,2020-12-22 00:00:00,,095551,
D109210000329,D1(高校),09(栃木),2(公),1(本),栃木県立学悠館高等学校,栃木県栃木市沼和田町２－２,3288558,2020-12-22 00:00:00,,095552,
D109210000338,D1(高校),09(栃木),2(公),1(本),栃木県立足利高等学校,栃木県足利市本城１－１６２９,3260808,2020-12-22 00:00:00,,095554,
D109210000356,D1(高校),09(栃木),2(公),1(本),栃木県立足利工業高等学校,栃木県足利市西宮町２９０８－１,3260817,2020-12-22 00:00:00,,095556,
D109210000365,D1(高校),09(栃木),2(公),1(本),栃木県立足利南高等学校,栃木県足利市下渋垂町９８０,3260334,2020-12-22 00:00:00,,095560,
D109210000374,D1(高校),09(栃木),2(公),1(本),栃木県立真岡高等学校,栃木県真岡市白布ヶ丘２４－１,3214331,2020-12-22 00:00:00,,095561,
D109210000383,D1(高校),09(栃木),2(公),1(本),栃木県立真岡女子高等学校,栃木県真岡市台町２８１５,3214306,2020-12-22 00:00:00,,095562,
D109210000392,D1(高校),09(栃木),2(公),1(本),栃木県立真岡北陵高等学校,栃木県真岡市下籠谷３９６,3214415,2020-12-22 00:00:00,,095563,
D109210000409,D1(高校),09(栃木),2(公),1(本),栃木県立真岡工業高等学校,栃木県真岡市寺久保１－２－９,3214368,2020-12-22 00:00:00,,095564,
D109210000418,D1(高校),09(栃木),2(公),1(本),栃木県立茂木高等学校,栃木県芳賀郡茂木町茂木２８８,3213595,2020-12-22 00:00:00,,095566,
D109210000427,D1(高校),09(栃木),2(公),1(本),栃木県立益子芳星高等学校,栃木県芳賀郡益子町塙２３８２－１,3214216,2020-12-22 00:00:00,,095568,
D109210000436,D1(高校),09(栃木),2(公),1(本),栃木県立足利清風高等学校,栃木県足利市山下町２１１０,3260846,2020-12-22 00:00:00,,095569,
D109210000445,D1(高校),09(栃木),2(公),1(本),栃木県立烏山高等学校,栃木県那須烏山市中央３－９－８,3210621,2020-12-22 00:00:00,,095571,
D109210000454,D1(高校),09(栃木),2(公),1(本),栃木県立馬頭高等学校,栃木県那須郡那珂川町馬頭１２９９－２,3240613,2020-12-22 00:00:00,,095573,
D109210000463,D1(高校),09(栃木),2(公),1(本),栃木県立大田原高等学校,栃木県大田原市紫塚３－２６５１,3240058,2020-12-22 00:00:00,,095574,
D109210000472,D1(高校),09(栃木),2(公),1(本),栃木県立大田原女子高等学校,栃木県大田原市元町１－５－４３,3240053,2020-12-22 00:00:00,,095575,
D109210000481,D1(高校),09(栃木),2(公),1(本),栃木県立黒羽高等学校,栃木県大田原市前田７８０,3240234,2020-12-22 00:00:00,,095576,
D109210000490,D1(高校),09(栃木),2(公),1(本),栃木県立那須拓陽高等学校,栃木県那須塩原市下永田４－３－５２,3292712,2020-12-22 00:00:00,,095577,
D109210000506,D1(高校),09(栃木),2(公),1(本),栃木県立那須清峰高等学校,栃木県那須塩原市下永田６－４,3292712,2020-12-22 00:00:00,,095578,
D109210000515,D1(高校),09(栃木),2(公),1(本),栃木県立大田原東高等学校,栃木県大田原市元町１－５－４３,3240053,2020-12-22 00:00:00,,095579,
D109210000524,D1(高校),09(栃木),2(公),1(本),栃木県立那須高等学校,栃木県那須郡那須町寺子乙３９３２－４８,3293215,2020-12-22 00:00:00,,095581,
D109210000533,D1(高校),09(栃木),2(公),1(本),栃木県立黒磯高等学校,栃木県那須塩原市豊町６－１,3250051,2020-12-22 00:00:00,,095582,
D109210000542,D1(高校),09(栃木),2(公),1(本),栃木県立黒磯南高等学校,栃木県那須塩原市上厚崎７４７－２,3250026,2020-12-22 00:00:00,,095583,
D109210000551,D1(高校),09(栃木),2(公),1(本),栃木県立小山南高等学校,栃木県小山市間々田２３－１,3290205,2020-12-22 00:00:00,,095586,
D109210000560,D1(高校),09(栃木),2(公),1(本),栃木県立佐野東高等学校,栃木県佐野市金屋下町１２,3270025,2020-12-22 00:00:00,,095589,
D109210000579,D1(高校),09(栃木),2(公),1(本),栃木県立佐野松桜高等学校,栃木県佐野市出流原町６４３－５,3270102,2020-12-22 00:00:00,,095590,
D109210000588,D1(高校),09(栃木),2(公),1(本),栃木県立矢板高等学校,栃木県矢板市片俣６１８－２,3292155,2020-12-22 00:00:00,,095591,
D109210000597,D1(高校),09(栃木),2(公),1(本),栃木県立高根沢高等学校,栃木県塩谷郡高根沢町文挟３２－２,3291204,2020-12-22 00:00:00,,095593,
D109210000604,D1(高校),09(栃木),2(公),1(本),栃木県立矢板東高等学校,栃木県矢板市東町４－８,3292136,2020-12-22 00:00:00,,095597,
D109210000613,D1(高校),09(栃木),2(公),1(本),栃木県立さくら清修高等学校,栃木県さくら市氏家２８０７,3291311,2020-12-22 00:00:00,,095598,
D109210000622,D1(高校),09(栃木),2(公),1(本),栃木県立宇都宮中央高等学校,栃木県宇都宮市若草町２－２－４６,3200072,2022-05-01 00:00:00,,,
D109310000014,D1(高校),09(栃木),3(私),1(本),作新学院高等学校,栃木県宇都宮市一の沢１－１－４１,3208525,2020-12-22 00:00:00,,095611,
D109310000023,D1(高校),09(栃木),3(私),1(本),文星芸術大学附属高等学校,栃木県宇都宮市睦町１－４,3200865,2020-12-22 00:00:00,,095612,
D109310000032,D1(高校),09(栃木),3(私),1(本),宇都宮文星女子高等学校,栃木県宇都宮市北一の沢２４－３５,3200048,2020-12-22 00:00:00,,095613,
D109310000041,D1(高校),09(栃木),3(私),1(本),宇都宮短期大学附属高等学校,栃木県宇都宮市睦町１－３５,3208585,2020-12-22 00:00:00,,095614,
D109310000050,D1(高校),09(栃木),3(私),1(本),足利短期大学附属高等学校,栃木県足利市本城３－２１２０,3260808,2020-12-22 00:00:00,,095615,
D109310000069,D1(高校),09(栃木),3(私),1(本),佐野清澄高等学校,栃木県佐野市堀米町８４０,3270843,2020-12-22 00:00:00,,095616,
D109310000078,D1(高校),09(栃木),3(私),1(本),青藍泰斗高等学校,栃木県佐野市葛生東２－８－３,3270501,2020-12-22 00:00:00,,095617,
D109310000087,D1(高校),09(栃木),3(私),1(本),白鴎大学足利高等学校,栃木県足利市伊勢南町３－２,3260054,2020-12-22 00:00:00,,095618,
D109310000096,D1(高校),09(栃木),3(私),1(本),宇都宮海星女子学院高等学校,栃木県宇都宮市上籠谷町３７７６番地,3213233,2020-12-22 00:00:00,,095619,
D109310000103,D1(高校),09(栃木),3(私),1(本),國學院大學栃木高等学校,栃木県栃木市平井町６０８,3288588,2020-12-22 00:00:00,,095620,
D109310000112,D1(高校),09(栃木),3(私),1(本),矢板中央高等学校,栃木県矢板市扇町２－１５１９,3292161,2020-12-22 00:00:00,,095621,
D109310000121,D1(高校),09(栃木),3(私),1(本),佐野日本大学高等学校,栃木県佐野市石塚町２５５５,3270192,2020-12-22 00:00:00,,095622,
D109310000130,D1(高校),09(栃木),3(私),1(本),足利大学附属高等学校,栃木県足利市福富町２１４２,3260331,2020-12-22 00:00:00,,095623,
D109310000149,D1(高校),09(栃木),3(私),1(本),幸福の科学学園高等学校,栃木県那須郡那須町梁瀬４８７－１,3293434,2020-12-22 00:00:00,,095625,
D109310000158,D1(高校),09(栃木),3(私),1(本),日々輝学園高等学校,栃木県塩谷郡塩谷町２４７５－１,3292332,2020-12-22 00:00:00,,095711,
D209310000013,D2(中等),09(栃木),3(私),1(本),佐野日本大学中等教育学校,栃木県佐野市石塚町２５５５,3270192,2020-12-22 00:00:00,,099791,
E109110000015,E1(養護),09(栃木),1(国),1(本),宇都宮大学共同教育学部附属特別支援学校,栃木県宇都宮市宝木町１－２５９２,3200061,2020-12-22 00:00:00,,099901,
E109210000013,E1(特支盲),09(栃木),2(公),1(本),栃木県立盲学校,栃木県宇都宮市福岡町１２９７,3210342,2020-12-22 00:00:00,,099711,
E109210000022,E1(特支聾),09(栃木),2(公),1(本),栃木県立聾学校,栃木県宇都宮市若草２－３－４８,3200072,2020-12-22 00:00:00,,099811,
E109210000031,E1(養護),09(栃木),2(公),1(本),栃木県立のざわ特別支援学校,栃木県宇都宮市岩曽町１１７７－２,3210973,2020-12-22 00:00:00,,099911,
E109210000040,E1(養護),09(栃木),2(公),1(本),栃木県立わかくさ特別支援学校,栃木県宇都宮市駒生町３３３７－１,3208503,2020-12-22 00:00:00,,099912,
E109210000059,E1(養護),09(栃木),2(公),1(本),栃木県立足利特別支援学校,栃木県足利市大沼田町６１９－１,3260011,2020-12-22 00:00:00,,099913,
E109210000068,E1(養護),09(栃木),2(公),1(本),栃木県立栃木特別支援学校,栃木県栃木市皆川城内町１０５３,3280067,2020-12-22 00:00:00,,099914,
E109210000077,E1(養護),09(栃木),2(公),1(本),栃木県立那須特別支援学校,栃木県那須塩原市下永田８－７,3292712,2020-12-22 00:00:00,,099915,
E109210000086,E1(養護),09(栃木),2(公),1(本),栃木県立富屋特別支援学校,栃木県宇都宮市徳次郎町３９－１,3212116,2020-12-22 00:00:00,,099916,
E109210000095,E1(養護),09(栃木),2(公),1(本),栃木県立岡本特別支援学校,栃木県宇都宮市下岡本町２１６０,3291104,2020-12-22 00:00:00,,099918,
E109210000102,E1(養護),09(栃木),2(公),1(本),栃木県立益子特別支援学校,栃木県芳賀郡益子町七井３６５０,3214106,2020-12-22 00:00:00,,099919,
E109210000111,E1(養護),09(栃木),2(公),1(本),栃木県立南那須特別支援学校,栃木県那須烏山市藤田１１８１－１５２,3210532,2020-12-22 00:00:00,,099920,
E109210000120,E1(養護),09(栃木),2(公),1(本),栃木県立今市特別支援学校,栃木県日光市瀬尾１６４０－２２,3211264,2020-12-22 00:00:00,,099921,
E109210000139,E1(養護),09(栃木),2(公),1(本),栃木県立国分寺特別支援学校,栃木県下野市柴６－２,3290412,2020-12-22 00:00:00,,099922,
E109210000148,E1(養護),09(栃木),2(公),1(本),栃木県立足利中央特別支援学校,栃木県足利市大月町８７１－３,3260005,2020-12-22 00:00:00,,099923,
E109210000157,E1(特支盲),09(栃木),2(公),2(分),栃木県立富屋特別支援学校鹿沼分校,栃木県鹿沼市日吉町５２１－６,3220074,2020-12-22 00:00:00,,099924,
E109210000166,E1(養護),09(栃木),2(公),1(本),栃木県立特別支援学校宇都宮青葉高等学園,栃木県宇都宮市京町９番３２号,3208506,2020-12-22 00:00:00,,099925,
H109210000017,H1(専修),09(栃木),2(公),1(本),栃木県立衛生福祉大学校,栃木県宇都宮市陽南４－２－１,3200834,2020-12-22 00:00:00,,098625,
H109210000026,H1(専修),09(栃木),2(公),1(本),栃木県農業大学校,栃木県宇都宮市上籠谷町１１４５－１,3213233,2020-12-22 00:00:00,,098626,
H109210000035,H1(専修),09(栃木),2(公),1(本),栃木県県南高等看護専門学院,栃木県栃木市大塚町１２５８－４,3280007,2020-12-22 00:00:00,,098663,
H109310000015,H1(専修),09(栃木),3(私),1(本),宇都宮アートアンドスポーツ専門学校,栃木県宇都宮市大寛１－２１６５,3200867,2020-12-22 00:00:00,,098605,
H109310000024,H1(専修),09(栃木),3(私),1(本),国際看護介護保育専門学校,栃木県宇都宮市大通り１－２－５,3200811,2020-12-22 00:00:00,,098606,
H109310000033,H1(専修),09(栃木),3(私),1(本),インターナショナルビジネスランゲージ専門学校,栃木県宇都宮市元今泉６－３－１０,3210954,2020-12-22 00:00:00,,098613,
H109310000042,H1(専修),09(栃木),3(私),1(本),足利デザイン・ビューティ専門学校,栃木県足利市田中町９１４,3260822,2020-12-22 00:00:00,,098621,
H109310000060,H1(専修),09(栃木),3(私),1(本),石山和装専門学校,栃木県宇都宮市今泉１－４－３４,3210966,2020-12-22 00:00:00,,098651,
H109310000079,H1(専修),09(栃木),3(私),1(本),和氣和裁専門学校,栃木県宇都宮市一番町２－１８,3200812,2020-12-22 00:00:00,,098653,
H109310000088,H1(専修),09(栃木),3(私),1(本),明美和装専門学校,栃木県宇都宮市細谷町３７１番地１２号,3200074,2020-12-22 00:00:00,,098659,
H109310000097,H1(専修),09(栃木),3(私),1(本),専門学校Ｔｏｃｈｉｇｉ　Ｇｌｏｂａｌ　Ｆａｓｈｉｏｎ　Ｂｕｓｉｎｅｓｓ　Ｃｏｌｌｅｇｅ,栃木県栃木市片柳町１－３０－２０,3280053,2020-12-22 00:00:00,,098683,
H109310000104,H1(専修),09(栃木),3(私),1(本),済生会宇都宮病院看護専門学校,栃木県宇都宮市竹林町９４５－１,3210974,2020-12-22 00:00:00,,098704,
H109310000113,H1(専修),09(栃木),3(私),1(本),獨協医科大学附属看護専門学校,栃木県下都賀郡壬生町北小林８８０,3210293,2020-12-22 00:00:00,,098707,
H109310000122,H1(専修),09(栃木),3(私),1(本),宇都宮歯科衛生士専門学校,栃木県宇都宮市竹林町９６８番地,3210974,2020-12-22 00:00:00,,098708,
H109310000131,H1(専修),09(栃木),3(私),1(本),宇都宮市医療保健事業団附属宇都宮准看護高等専修学校,栃木県宇都宮市竹林町９６８,3210974,2020-12-22 00:00:00,,098709,
H109310000140,H1(専修),09(栃木),3(私),1(本),栃木介護福祉士専門学校,栃木県宇都宮市宝木町２－９８８－５,3200061,2020-12-22 00:00:00,,098711,
H109310000159,H1(専修),09(栃木),3(私),1(本),中央福祉医療専門学校,栃木県小山市大字土塔字東谷２３４－２,3230812,2020-12-22 00:00:00,,098712,
H109310000168,H1(専修),09(栃木),3(私),1(本),国際医療福祉大学塩谷看護専門学校,栃木県矢板市富田７７－６,3292145,2020-12-22 00:00:00,,098714,
H109310000177,H1(専修),09(栃木),3(私),1(本),マロニエ医療福祉専門学校,栃木県栃木市今泉町２－６－２２,3280027,2020-12-22 00:00:00,,098715,
H109310000186,H1(専修),09(栃木),3(私),1(本),さくら総合専門学校,栃木県さくら市馬場４１０,3291321,2020-12-22 00:00:00,,098716,
H109310000195,H1(専修),09(栃木),3(私),1(本),足利製菓専門学校,栃木県足利市田中町９１４,3260822,2020-12-22 00:00:00,,098717,
H109310000202,H1(専修),09(栃木),3(私),1(本),（独）国立病院機構栃木医療センター附属看護学校,栃木県宇都宮市中戸祭１－１０－３７,3208580,2020-12-22 00:00:00,,098718,
H109310000211,H1(専修),09(栃木),3(私),1(本),報徳看護専門学校,栃木県宇都宮市上横田町１３０２－１２,3210106,2020-12-22 00:00:00,,098719,
H109310000220,H1(専修),09(栃木),3(私),1(本),専門学校足利コミュニティーカレッジ,栃木県足利市家富町６－３,3260803,2020-12-22 00:00:00,,098741,
H109310000239,H1(専修),09(栃木),3(私),1(本),ヤマトファッションビジネス専門学校,栃木県栃木市柳橋町７－７,3280051,2020-12-22 00:00:00,,098742,
H109310000248,H1(専修),09(栃木),3(私),1(本),アイ・エフ・シー大学校,栃木県宇都宮市平出町３５８０－３,3210901,2020-12-22 00:00:00,,098782,
H109310000257,H1(専修),09(栃木),3(私),1(本),国際ＴＢＣ調理・パティシエ専門学校,栃木県小山市三峯１－１０－２１,3230821,2020-12-22 00:00:00,,098783,
H109310000266,H1(専修),09(栃木),3(私),1(本),アイ・エフ・シー栄養専門学校,栃木県宇都宮市平出町３５８０－５,3210901,2020-12-22 00:00:00,,098784,
H109310000284,H1(専修),09(栃木),3(私),1(本),宇都宮美容専門学校,栃木県宇都宮市春日町１６－４,3210108,2020-12-22 00:00:00,,098791,
H109310000293,H1(専修),09(栃木),3(私),1(本),栃木県美容専門学校,栃木県宇都宮市宿郷２－１０－１１,3210945,2020-12-22 00:00:00,,098792,
H109310000300,H1(専修),09(栃木),3(私),1(本),国際ファッションビューティ専門学校,栃木県宇都宮市二荒町６－６,3200804,2020-12-22 00:00:00,,098793,
H109310000319,H1(専修),09(栃木),3(私),1(本),センスビューティーカレッジ,栃木県小山市東城南３－１３－１１,3230829,2020-12-22 00:00:00,,098794,
H109310000328,H1(専修),09(栃木),3(私),1(本),国際テクニカル美容専門学校,栃木県小山市城東１－６－３３,3230807,2020-12-22 00:00:00,,098795,
H109310000337,H1(専修),09(栃木),3(私),1(本),アジア農村指導者養成専門学校,栃木県那須塩原市槻沢４４２－１,3292703,2020-12-22 00:00:00,,098801,
H109310000346,H1(専修),09(栃木),3(私),1(本),宇都宮メディア・アーツ専門学校,栃木県宇都宮市中央１－１０－１２,3200806,2020-12-22 00:00:00,,098821,
H109310000355,H1(専修),09(栃木),3(私),1(本),国際テクニカルデザイン・自動車専門学校,栃木県小山市三峯１－１０－２１,3230821,2020-12-22 00:00:00,,098822,
H109310000364,H1(専修),09(栃木),3(私),1(本),小山歯科衛生士専門学校,栃木県小山市城東１－３－３,3230807,2020-12-22 00:00:00,,098823,
H109310000373,H1(専修),09(栃木),3(私),1(本),専門学校日産栃木自動車大学校,栃木県河内郡上三川町大字上郷字南西原２１２０,3290604,2020-12-22 00:00:00,,098831,
H109310000382,H1(専修),09(栃木),3(私),1(本),宇都宮ビジネス電子専門学校,栃木県宇都宮市大寛１－１５４４,3200867,2020-12-22 00:00:00,,098841,
H109310000391,H1(専修),09(栃木),3(私),1(本),国際情報ビジネス専門学校,栃木県宇都宮市大通り１－２－５,3200811,2020-12-22 00:00:00,,098843,
H109310000408,H1(専修),09(栃木),3(私),1(本),国際自動車・ビューティ専門学校,栃木県大田原市紫塚２－２６０９－２,3240058,2020-12-22 00:00:00,,098845,
H109310000417,H1(専修),09(栃木),3(私),1(本),オリオンＩＴ専門学校,栃木県宇都宮市鶴田町２７６５－４,3200851,2020-12-22 00:00:00,,098847,
H109310000426,H1(専修),09(栃木),3(私),1(本),宇都宮日建工科専門学校,栃木県宇都宮市簗瀬４－３－１３,3210934,2020-12-22 00:00:00,,098852,
H109310000435,H1(専修),09(栃木),3(私),1(本),専修学校宇都宮書道学校,栃木県宇都宮市西川田南１－８－１２,3210155,2020-12-22 00:00:00,,098853,
H109310000444,H1(専修),09(栃木),3(私),1(本),国際ペット総合専門学校,栃木県宇都宮市二荒町６－６,3200804,2020-12-22 00:00:00,,098854,
H109310000453,H1(専修),09(栃木),3(私),1(本),大原簿記情報ビジネス医療専門学校宇都宮校,栃木県宇都宮市東宿郷２－５－４,3210953,2020-12-22 00:00:00,,098855,
H109310000462,H1(専修),09(栃木),3(私),1(本),大原スポーツ公務員専門学校宇都宮校,栃木県宇都宮市東宿郷２－５－４,3210953,2020-12-22 00:00:00,,098856,
H109310000471,H1(専修),09(栃木),3(私),1(本),国際テクニカル理容美容専門学校,栃木県宇都宮市大通り４－１－１９,3200811,2020-12-22 00:00:00,,098857,
H109310000480,H1(専修),09(栃木),3(私),1(本),国際テクニカル調理製菓専門学校,栃木県宇都宮市大通り４－１－１９,3200811,2020-12-22 00:00:00,,098858,
H109310000499,H1(専修),09(栃木),3(私),1(本),国際ＴＢＣ高等専修学校,栃木県宇都宮市今泉２－１０－１２,3210966,2020-12-22 00:00:00,,098859,
H109310000505,H1(専修),09(栃木),3(私),1(本),那須看護専門学校,栃木県那須塩原市前弥六５４－１,3293135,2020-12-22 00:00:00,,098860,
H109310000514,H1(専修),09(栃木),3(私),1(本),セントメリー外語専門学校,栃木県宇都宮市大通り４－２－１０,3200811,2020-12-22 00:00:00,,098861,
H109310000523,H1(専修),09(栃木),3(私),1(本),国際ティビィシィ小山看護専門学校,栃木県小山市大字神鳥谷字足形２２４７－１１,3230034,2020-12-22 00:00:00,,098862,
H109310000532,H1(専修),09(栃木),3(私),1(本),中央アートスクール,栃木県小山市駅東通り２－２４－２８,3230022,2020-12-22 00:00:00,,098863,
H109310000541,H1(専修),09(栃木),3(私),1(本),ＮＩＫＫＯ外語観光専門学校,栃木県日光市鬼怒川温泉大原字坂ノ下８５１番地１,3212522,2020-12-22 00:00:00,,098864,
H209310000014,H2(各種),09(栃木),3(私),1(本),宇都宮服装文化学院,栃木県宇都宮市池上町４－３,3200801,2020-12-22 00:00:00,,099201,
H209310000023,H2(各種),09(栃木),3(私),1(本),増美文化服装学院,栃木県宇都宮市泉町４－１,3200034,2020-12-22 00:00:00,,099221,
H209310000032,H2(各種),09(栃木),3(私),1(本),こだま文化服装学院,栃木県佐野市上台町２１３１,3270006,2020-12-22 00:00:00,,099249,
H209310000041,H2(各種),09(栃木),3(私),1(本),日本簿記学校,栃木県栃木市万町２７番２５号,3280015,2020-12-22 00:00:00,,099533,
H209310000050,H2(各種),09(栃木),3(私),1(本),小山珠算学院,栃木県小山市若木町１－３－２７,3230028,2020-12-22 00:00:00,,099536,
H209310000069,H2(各種),09(栃木),3(私),1(本),真岡珠算簿記学校,栃木県真岡市台町２３４３,3214306,2020-12-22 00:00:00,,099537,
H209310000087,H2(各種),09(栃木),3(私),1(本),見目計算実務学校,栃木県さくら市喜連川３９１９,3291412,2020-12-22 00:00:00,,099544,
H209310000096,H2(各種),09(栃木),3(私),1(本),宇都宮病院附属准看護学校,栃木県宇都宮市陽南４－６－３４,3208521,2020-12-22 00:00:00,,099583,
H209310000103,H2(各種),09(栃木),3(私),1(本),足利市医師会付属准看護学校,栃木県足利市大正町８６３－６,3260807,2020-12-22 00:00:00,,099584,
H209310000112,H2(各種),09(栃木),3(私),1(本),佐野市医師会附属佐野准看護学校,栃木県佐野市植上町１６７８番地,3270832,2020-12-22 00:00:00,,099587,
H209310000121,H2(各種),09(栃木),3(私),1(本),上都賀郡市医師会附属准看護学校,栃木県鹿沼市上久我６０－３,3220005,2020-12-22 00:00:00,,099589,
H209310000130,H2(各種),09(栃木),3(私),1(本),昇玉学院,栃木県宇都宮市清住１－３－３０,3200037,2020-12-22 00:00:00,,099631,
H209310000149,H2(各種),09(栃木),3(私),1(本),栃木県自動車学校,栃木県宇都宮市陽南３－１１－２５,3200834,2020-12-22 00:00:00,,099641,
H209310000158,H2(各種),09(栃木),3(私),1(本),宇都宮タイピスト学院,栃木県宇都宮市池上町４－１０,3200801,2020-12-22 00:00:00,,099651,
H209310000167,H2(各種),09(栃木),3(私),1(本),栃木朝鮮初中級学校,栃木県小山市中久喜上野原１５１８,3230806,2020-12-22 00:00:00,,099661,
H209310000176,H2(各種),09(栃木),3(私),1(本),好学院国際学校,栃木県栃木市大町１－１５,3280071,2020-12-22 00:00:00,,099662,
H209310000185,H2(各種),09(栃木),3(私),1(本),セントメリー日本語学院,栃木県宇都宮市大通り４－２－１０,3200811,2020-12-22 00:00:00,,099672,
